IDS,Unnamed: 0_x,1_x,0_x,0.1_x,1.1_x,1.2_x,1.3_x,0.2_x,1.4_x,0.3_x,1.5_x,0.4_x,0.5_x,1.6_x,1.7_x,0.6_x,1.8_x,1.9_x,1.1.1_x,1.11_x,0.7_x,0.8_x,1.12_x,0.9_x,1.13_x,1.14_x,1.15_x,Unnamed: 28,Unnamed: 29,Unnamed: 30,Unnamed: 31,Unnamed: 32_x,Unnamed: 33_x,Unnamed: 34_x,Unnamed: 35_x,Unnamed: 36_x,Unnamed: 37_x,Unnamed: 38_x,Unnamed: 39_x,Unnamed: 40,Unnamed: 41,Unnamed: 42,Unnamed: 43,Unnamed: 44,Unnamed: 45,Unnamed: 0_y,Unnamed: 1,Unnamed: 2,Unnamed: 3,Unnamed: 4,1_y,0_y,0.1_y,1.1_y,1.2_y,1.3_y,0.2_y,1.4_y,0.3_y,1.5_y,0.4_y,0.5_y,1.6_y,1.7_y,0.6_y,1.8_y,1.9_y,1.1.1_y,1.11_y,0.7_y,0.8_y,1.12_y,0.9_y,1.13_y,1.14_y,1.15_y,Unnamed: 32_y,Unnamed: 33_y,Unnamed: 34_y,Unnamed: 35_y,Unnamed: 36_y,Unnamed: 37_y,Unnamed: 38_y,Unnamed: 39_y
559bbbdafdf99b7ce19d5b3d,01/03/2023 14:55:51,1,1,1,1,1,1,0,1,1,1,0,0,1,1,0,1,0,1,1,0,0,1,0,1,1,0,Quite likely,Quite likely,Quite likely,Extremely likely,Extremely likely,Quite likely,Slightly likely,Slightly likely,Slightly likely,Quite likely,Quite likely,Quite likely,Quite likely,Quite likely,Quite likely,"How you could link different topics and have them organized in front of you by category of topics, papers, people ","It was often hard to drill down to specific topics, and was too general",,01/03/2023 14:44:57,I confirm,No knowledge,Native speaker,Multiple times a day,0,0,1,0,0,0,0,0,0,0,0,0,1,1,0,0,1,0,1,0,0,1,0,0,1,0,I confirm,I confirm,I confirm,I searched my user ID number AND I am ready to use the platform.,Read the instructions FIRST,Submit this form,Go to Semantic Chapter and try to find what you were asked before,"Click the ""Get started"" in the next survey once I finish my searches"
55a9f6a1fdf99b2d81b5295f,01/03/2023 15:57:23,1,0,1,1,1,1,0,0,1,1,1,0,1,1,1,1,1,1,1,0,1,1,1,1,1,0,Slightly likely,Quite likely,Quite likely,Quite likely,Quite likely,Extremely likely,Slightly likely,Slightly likely,Quite likely,Quite likely,Quite likely,Slightly likely,Quite likely,Slightly likely,Quite likely,How completely indexed everything was with total access.,it was sometimes unclear what I could search for,I enjoy seeing new learning tools.,01/03/2023 15:27:39,I confirm,Bachelor education,Native speaker,Eveyday,1,0,1,1,1,0,0,0,0,1,1,0,1,1,1,1,1,1,1,0,1,1,1,1,1,0,I confirm,I confirm,I confirm,I searched my user ID number AND I am ready to use the platform.,Read the instructions FIRST,Submit this form,Go to Semantic Chapter and try to find what you were asked before,"Click the ""Get started"" in the next survey once I finish my searches"
5780d9a1900cc80001d2d1c2,01/03/2023 14:21:10,0,0,0,0,1,0,0,0,0,1,0,0,0,0,0,0,1,0,1,0,0,0,0,0,1,0,Slightly likely,Slightly likely,Neither likely or unlikely,Neither likely or unlikely,Quite likely,Slightly likely,Neither likely or unlikely,Slightly unlikely,Neither likely or unlikely,Slightly likely,Slightly unlikely,Slightly likely,Quite likely,Slightly likely,Quite likely,How it can do a wide search and give potential links,could do with predictive text,It would have been better to be able to access the first questionarre while using Semantic Chapter so that you would have the questions that needed to be researched,01/03/2023 14:07:54,I confirm,No knowledge,Native speaker,Multiple times a day,0,0,0,1,1,0,0,0,0,1,0,0,0,0,0,0,1,0,1,0,0,0,0,0,1,0,I confirm,I confirm,I confirm,I searched my user ID number AND I am ready to use the platform.,Read the instructions FIRST,Submit this form,Go to Semantic Chapter and try to find what you were asked before,"Click the ""Get started"" in the next survey once I finish my searches"
57aa0bdb9ff3e900014135d9,01/03/2023 14:38:28,0,0,1,1,1,0,0,1,0,0,0,0,1,1,0,1,0,0,0,0,1,1,0,0,1,0,Slightly unlikely,Slightly unlikely,Slightly unlikely,Slightly unlikely,Slightly unlikely,Quite likely,Extremely likely,Quite unlikely,Quite likely,Slightly unlikely,Slightly likely,Slightly likely,Neither likely or unlikely,Slightly unlikely,Slightly likely,I liked that you could search for multiple things and add them to the search easily.,I found the results didn't usually give the information I was looking for and it was very basic information.,None,01/03/2023 14:31:40,I confirm,Bachelor education,Native speaker,Multiple times a day,0,0,0,0,0,0,1,1,0,0,0,0,1,0,0,0,0,0,0,1,0,0,0,0,1,0,I confirm,I confirm,I confirm,I searched my user ID number AND I am ready to use the platform.,Read the instructions FIRST,Go to Semantic Chapter and try to find what you were asked before,Submit this form,"Click the ""Get started"" in the next survey once I finish my searches"
59f6fb1cda08940001d4e8e5,01/03/2023 11:46:39,1,0,0,1,1,0,0,1,0,1,0,0,1,1,0,0,0,1,1,0,0,0,0,1,1,0,Slightly likely,Slightly likely,Slightly likely,Slightly likely,Slightly likely,Slightly likely,Quite likely,Slightly likely,Slightly likely,Slightly likely,Slightly likely,Slightly likely,Slightly likely,Slightly likely,Slightly likely,The ability to go straight to certain chapters.,Nothing,No.,01/03/2023 11:38:37,I confirm,High-school level,Native speaker,Multiple times a day,0,0,0,1,1,0,0,0,0,1,0,0,1,1,0,0,1,0,1,0,0,0,0,0,1,0,I confirm,I confirm,I confirm,I searched my user ID number AND I am ready to use the platform.,Read the instructions FIRST,Submit this form,Go to Semantic Chapter and try to find what you were asked before,"Click the ""Get started"" in the next survey once I finish my searches"
5b5523d6d8348500012cfccf,01/03/2023 14:56:09,1,1,1,1,1,0,0,0,0,0,0,1,0,0,0,1,1,1,1,0,1,1,0,1,0,0,Extremely likely,Extremely likely,Extremely likely,Extremely likely,Extremely likely,Extremely likely,Extremely likely,Extremely likely,Quite likely,Quite likely,Quite likely,Quite likely,Extremely likely,Extremely likely,Extremely likely,The concepts gave answers quickly,"Sometimes concepts and chapters didn't immediate give the full or good answer, so I had to dig through and try to find things relating to the question which might help and took a lot of time.",No further comments,01/03/2023 14:35:03,I confirm,No knowledge,Native speaker,Multiple times a day,0,0,0,0,0,0,0,0,0,0,0,0,0,0,0,0,0,0,0,0,0,0,0,0,0,0,I confirm,I confirm,I confirm,I searched my user ID number AND I am ready to use the platform.,Read the instructions FIRST,Submit this form,Go to Semantic Chapter and try to find what you were asked before,"Click the ""Get started"" in the next survey once I finish my searches"
5c573e54e9813700018acc31,01/03/2023 14:07:11,0,0,0,1,1,1,0,1,0,1,0,0,1,0,0,0,1,0,0,0,0,1,0,1,0,0,Quite likely,Quite likely,Quite likely,Quite likely,Quite likely,Quite likely,Quite likely,Quite likely,Quite likely,Quite likely,Quite likely,Quite likely,Quite likely,Quite likely,Quite likely,Having autocompletion and association of concepts to scientific documents and people.,"Short definition of concepts, could be a bit more long and from there suggest other related concepts","No, thank you.",01/03/2023 13:55:24,I confirm,High-school level,Advanced,Multiple times a day,0,0,1,0,1,0,0,1,0,0,0,0,0,0,0,0,1,0,0,0,0,0,0,0,0,0,I confirm,I confirm,I confirm,I searched my user ID number AND I am ready to use the platform.,Read the instructions FIRST,Submit this form,Go to Semantic Chapter and try to find what you were asked before,"Click the ""Get started"" in the next survey once I finish my searches"
5cab6f4962c2a80001ca3efd,01/03/2023 08:26:59,1,1,1,1,1,1,0,0,0,1,1,1,1,1,0,1,1,0,1,1,0,1,1,1,1,0,Quite likely,Quite likely,Quite likely,Extremely likely,Extremely likely,Quite likely,Extremely likely,Quite likely,Quite likely,Quite likely,Extremely likely,Extremely likely,Quite likely,Quite likely,Quite likely,I liked that I was able to search for a term and then go directly to the book where the search term is from so I could read more about it,"I did not really like that Semantic Chapter has the 4 columns of results with concepts, people, organizations, etc. I think it would be easier to use and understand if there were less columns of results.",This was an interesting study,01/03/2023 08:20:18,I confirm,Bachelor education,Native speaker,Multiple times a day,0,0,1,1,1,0,1,1,0,1,1,1,1,0,0,1,1,0,1,1,0,0,1,1,1,0,I confirm,I confirm,I confirm,I searched my user ID number AND I am ready to use the platform.,Read the instructions FIRST,Go to Semantic Chapter and try to find what you were asked before,Submit this form,"Click the ""Get started"" in the next survey once I finish my searches"
5cdeaeb3557fbd00018a2c59,01/03/2023 14:33:14,0,0,0,0,0,0,1,0,0,0,0,1,0,0,0,0,1,0,0,1,0,0,0,0,0,0,Quite likely,Slightly likely,Quite likely,Slightly likely,Extremely likely,Extremely likely,Extremely likely,Extremely likely,Extremely likely,Quite likely,Extremely likely,Extremely likely,Extremely likely,Extremely likely,Extremely likely,Being able to quickly expand infos.,Not being able to expand on people.,Thank you for the opportunity!,01/03/2023 14:20:02,I confirm,No knowledge,Advanced,Multiple times a day,0,0,0,1,1,0,0,1,0,0,0,1,0,0,0,0,0,1,0,1,0,1,1,0,0,0,I confirm,I confirm,I confirm,I searched my user ID number AND I am ready to use the platform.,Read the instructions FIRST,Submit this form,Go to Semantic Chapter and try to find what you were asked before,"Click the ""Get started"" in the next survey once I finish my searches"
5d12ce9596919a0019367dd4,01/03/2023 14:43:08,1,0,0,1,1,0,0,0,0,0,0,0,1,0,0,0,1,0,1,0,0,0,0,0,1,0,Slightly unlikely,Slightly likely,Neither likely or unlikely,Slightly likely,Slightly likely,Slightly likely,Quite likely,Quite likely,Slightly likely,Neither likely or unlikely,Slightly likely,Slightly likely,Slightly likely,Slightly likely,Slightly likely,easy to search and drill down,"seemed busy, a lot of information",i could not remember all 15 questions,01/03/2023 14:32:43,I confirm,High-school level,Native speaker,Multiple times a day,0,0,0,0,0,0,0,0,0,0,0,0,0,0,0,0,1,0,1,0,0,0,0,0,1,0,I confirm,I confirm,I confirm,I searched my user ID number AND I am ready to use the platform.,Read the instructions FIRST,Go to Semantic Chapter and try to find what you were asked before,Submit this form,"Click the ""Get started"" in the next survey once I finish my searches"
5d1a69d8f97a18001977e0d7,01/03/2023 13:24:48,0,0,0,0,0,0,0,0,0,0,0,0,0,0,0,0,1,1,1,0,0,0,0,0,0,1,Quite unlikely,Quite unlikely,Quite unlikely,Quite unlikely,Extremely unlikely,Slightly unlikely,Quite unlikely,Quite unlikely,Quite unlikely,Extremely unlikely,Quite unlikely,Quite unlikely,Quite unlikely,Extremely unlikely,Quite unlikely,"None of it really, it was poor.","It was all difficult to use, it couldn't even make sensible suggestions when I spelled asthema incorrectly.","I couldn't remember a lot of the questions, and have no knowledge of psyciatry at all, so couldn't recall much of what the questions were. Had I been allowed to seen the questions during the second test I'm sure I would have performed a lot better.",01/03/2023 13:00:13,I confirm,No knowledge,Native speaker,Multiple times a day,0,0,0,0,0,0,0,0,0,0,0,0,0,0,0,0,1,0,0,0,0,0,0,0,0,0,I confirm,I confirm,I confirm,I searched my user ID number AND I am ready to use the platform.,Read the instructions FIRST,Submit this form,Go to Semantic Chapter and try to find what you were asked before,"Click the ""Get started"" in the next survey once I finish my searches"
5d3ef33e8da0790017c90e08,01/03/2023 13:11:54,1,1,1,1,1,1,0,1,0,0,1,0,0,1,0,0,1,0,0,0,0,1,0,0,1,1,Slightly likely,Slightly likely,Slightly likely,Slightly likely,Slightly likely,Slightly likely,Slightly likely,Slightly likely,Slightly likely,Neither likely or unlikely,Slightly likely,Slightly likely,Slightly likely,Slightly likely,Slightly likely,It's speed and ease of use. ,"I don't know anything about psychology so I'm probably wrong, but some of the chapters seemed a bit irrelevant to my query. Also I tried to read a bit more about Gesalt and the answer it provided me on the left common was not in English. ",No,01/03/2023 12:50:55,I confirm,No knowledge,Native speaker,Multiple times a day,0,0,1,0,0,0,0,0,0,0,0,0,0,0,0,0,1,0,0,0,0,1,0,0,1,0,I confirm,I confirm,I confirm,I searched my user ID number AND I am ready to use the platform.,Read the instructions FIRST,Submit this form,Go to Semantic Chapter and try to find what you were asked before,"Click the ""Get started"" in the next survey once I finish my searches"
5d6141608a11df001a477fbe,01/03/2023 14:24:37,1,0,0,1,1,0,0,1,0,1,0,0,1,1,0,1,1,1,1,0,0,1,0,1,1,1,Extremely likely,Extremely likely,Extremely likely,Extremely likely,Extremely likely,Extremely likely,Extremely likely,Extremely likely,Extremely likely,Extremely likely,Extremely likely,Quite likely,Quite likely,Quite likely,Quite likely,"It helps to create structured and interactive content using Markdown syntax. One of the features that make Semantic Chapter useful is the ability to create interactive elements like quizzes and exercises. These interactive elements can help engage readers and enhance their learning experience. Another feature that I find useful is the ability to create a table of contents that can be used for navigation within the document. This helps readers quickly find the information they need and allows them to jump to different sections of the document easily. Overall, Semantic Chapter is a powerful tool that can be used to create well-structured and interactive documents, which can be especially useful for educational or instructional materials.",Nothing especially ,,01/03/2023 14:09:54,I confirm,No knowledge,Native speaker,Multiple times a day,1,0,0,1,1,0,0,1,0,1,0,0,1,0,0,1,1,1,1,0,0,1,1,1,1,1,I confirm,I confirm,I confirm,I searched my user ID number AND I am ready to use the platform.,Read the instructions FIRST,Submit this form,Go to Semantic Chapter and try to find what you were asked before,"Click the ""Get started"" in the next survey once I finish my searches"
5d68c8aa40524c00189e8ac2,01/03/2023 15:11:37,1,0,1,1,1,0,0,0,0,0,0,1,0,0,0,0,0,0,1,0,0,1,1,1,0,0,Slightly likely,Slightly likely,Slightly likely,Slightly likely,Slightly likely,Slightly likely,Extremely likely,Quite likely,Quite likely,Quite unlikely,Extremely likely,Quite likely,Slightly likely,Slightly likely,Neither likely or unlikely,Being able to search a term and it highlighting relevant texts.,"It would have been useful for the ""people"" section to have a summary of their belief systems and highest accomplishments, rather than having to hunt through the text for it.","How long were we supposed to spend studying? Nothing seemed to indicate this.

After the 2 minute platform usage video and getting logged in, I'd forgotten some of the terms in the first questionnaire and was unsure if we were supposed to go back and check. I didn't, but clarifying that we are supposed to go off memory of the first questionnaire or otherwise including a list of the questions for reference purposes would have been useful.",01/03/2023 14:54:00,I confirm,No knowledge,Native speaker,Multiple times a day,0,0,1,1,1,0,0,0,0,1,0,0,0,0,0,0,0,0,1,0,0,1,1,1,0,0,I confirm,I confirm,I confirm,I searched my user ID number AND I am ready to use the platform.,Read the instructions FIRST,Submit this form,Go to Semantic Chapter and try to find what you were asked before,"Click the ""Get started"" in the next survey once I finish my searches"
5d98a94bea7ad902c4ed0cd2,01/03/2023 08:44:01,0,1,1,1,1,1,1,1,0,0,0,1,1,1,1,1,1,1,1,1,0,1,0,1,1,0,Quite likely,Slightly likely,Slightly likely,Quite likely,Slightly likely,Quite likely,Extremely likely,Quite likely,Quite likely,Quite likely,Slightly likely,Quite likely,Quite likely,Quite likely,Quite likely,Having the results further defined by adding more text helped narrow down when an answer was no precise enough,"There needs to be a way of easily seeing the keywords you are searching in a text, having topics/people highlighted helps but somthing aditional, like a golden border around the keywords in the text that you are serching for would make it easier to use.",,01/03/2023 08:19:29,I confirm,High-school level,Native speaker,Multiple times a day,0,0,1,0,1,0,1,0,0,0,0,0,0,0,0,1,1,0,0,0,0,0,0,0,1,0,I confirm,I confirm,I confirm,I searched my user ID number AND I am ready to use the platform.,Read the instructions FIRST,Submit this form,Go to Semantic Chapter and try to find what you were asked before,"Click the ""Get started"" in the next survey once I finish my searches"
5df50a49a98a7a3924e4137e,01/03/2023 12:56:37,1,1,1,1,1,1,1,1,0,1,1,1,1,1,1,1,1,1,1,1,1,1,1,1,1,1,Slightly unlikely,Extremely likely,Quite likely,Extremely likely,Extremely likely,Quite likely,Quite likely,Slightly likely,Quite likely,Neither likely or unlikely,Quite likely,Quite likely,Quite likely,Extremely likely,Extremely likely,The ability to open a specific book chapter regarding the topic I was searching.,"The ""Concepts"" field was somewhat lacking detailed information.",,01/03/2023 12:25:58,I confirm,High-school level,Advanced,Multiple times a day,1,1,0,1,1,1,0,1,0,1,0,1,1,0,0,1,1,0,1,0,1,1,0,1,1,1,I confirm,I confirm,I confirm,I searched my user ID number AND I am ready to use the platform.,Read the instructions FIRST,Submit this form,Go to Semantic Chapter and try to find what you were asked before,"Click the ""Get started"" in the next survey once I finish my searches"
5e307a080551ae02939239f3,01/03/2023 15:53:45,0,0,1,1,0,1,0,0,0,0,1,1,0,1,0,1,1,0,0,0,0,1,1,1,0,0,Slightly likely,Quite likely,Quite likely,Slightly likely,Slightly likely,Slightly likely,Slightly likely,Quite likely,Slightly likely,Quite likely,Quite likely,Slightly likely,Neither likely or unlikely,Slightly likely,Quite likely,Search several items at once,too much information to use,,01/03/2023 15:35:08,I confirm,High-school level,Advanced,Multiple times a day,1,0,0,0,1,0,0,0,0,1,0,0,1,1,1,0,1,0,0,0,0,0,0,0,1,0,I confirm,I confirm,I confirm,I searched my user ID number AND I am ready to use the platform.,Read the instructions FIRST,Submit this form,Go to Semantic Chapter and try to find what you were asked before,"Click the ""Get started"" in the next survey once I finish my searches"
5eab2dbd0c7a950efa32c3dc,01/03/2023 15:40:04,1,0,1,1,1,0,0,1,0,0,0,1,1,0,1,1,0,1,1,0,0,1,1,1,1,1,Extremely likely,Extremely likely,Extremely likely,Extremely likely,Extremely likely,Extremely likely,Extremely likely,Extremely likely,Extremely likely,Extremely likely,Extremely likely,Extremely likely,Extremely likely,Extremely likely,Extremely likely,freud beacause I had heard of him,mostly the rest but nothing to do with the programme I just dont understand most of it,,01/03/2023 15:19:03,I confirm,No knowledge,Native speaker,Multiple times a day,0,0,0,0,0,0,0,0,0,0,0,0,0,0,0,0,0,0,0,0,0,0,0,0,0,0,I confirm,I confirm,I confirm,I searched my user ID number AND I am ready to use the platform.,Read the instructions FIRST,Submit this form,Go to Semantic Chapter and try to find what you were asked before,"Click the ""Get started"" in the next survey once I finish my searches"
5eaecb0824839e59ed3523eb,01/03/2023 14:23:08,1,1,1,1,1,1,0,1,0,1,1,0,1,1,0,0,1,0,1,1,0,0,1,1,1,0,Quite likely,Extremely likely,Extremely likely,Quite likely,Extremely likely,Slightly likely,Quite likely,Quite likely,Extremely likely,Extremely likely,Extremely likely,Extremely likely,Extremely likely,Quite likely,Quite likely,"Highlighting the relevant words and terms, showing only chapters relevant to the search, mixing terms to create more complex searches",far too many words were highlighted even though I only decided to look for a couple at a time - it makes it hard to search for just that portion of an article/book which is the most relevant.,"The system is great, but still requires further work to make it even more beneficial for learners.",01/03/2023 13:57:27,I confirm,High-school level,Advanced,Multiple times a day,1,0,0,1,1,1,0,1,0,1,0,0,0,0,0,1,1,0,1,0,0,0,1,1,0,0,I confirm,I confirm,I confirm,I searched my user ID number AND I am ready to use the platform.,Read the instructions FIRST,Submit this form,Go to Semantic Chapter and try to find what you were asked before,"Click the ""Get started"" in the next survey once I finish my searches"
5eaf3e142627076426921b1b,01/03/2023 15:50:11,1,1,1,1,1,1,1,1,0,1,1,0,1,1,1,1,1,0,1,1,0,1,0,1,1,1,Quite likely,Quite likely,Quite likely,Extremely likely,Extremely likely,Quite likely,Extremely likely,Extremely likely,Quite likely,Extremely likely,Extremely likely,Extremely likely,Extremely likely,Quite likely,Extremely likely,the chapter search,the fact that the people's description can't be expanded,The rest is wonderfull.,01/03/2023 15:31:11,I confirm,High-school level,Advanced,Multiple times a day,0,0,0,1,0,0,0,1,0,1,0,0,0,0,0,1,1,0,0,1,0,1,0,0,1,0,I confirm,I confirm,I confirm,I searched my user ID number AND I am ready to use the platform.,Read the instructions FIRST,Submit this form,Go to Semantic Chapter and try to find what you were asked before,"Click the ""Get started"" in the next survey once I finish my searches"
5f3287b83428cb05746e2214,01/03/2023 14:04:22,1,0,0,1,1,0,0,1,0,1,0,0,1,1,0,1,0,1,0,0,1,1,0,1,1,0,Quite likely,Extremely likely,Extremely likely,Extremely likely,Extremely likely,Slightly likely,Neither likely or unlikely,Slightly unlikely,Quite likely,Extremely likely,Slightly likely,Slightly likely,Extremely likely,Extremely likely,Neither likely or unlikely,Being able to type anything l want to search,option on searched words eg person or concept,yes not all the words the user searches can be found on the Semantic Chapter,01/03/2023 13:48:07,I confirm,No knowledge,Native speaker,Multiple times a day,0,0,0,1,1,0,0,0,0,0,0,0,1,0,0,0,0,0,1,0,0,0,0,0,0,0,I confirm,I confirm,I confirm,I searched my user ID number AND I am ready to use the platform.,Read the instructions FIRST,Submit this form,Go to Semantic Chapter and try to find what you were asked before,"Click the ""Get started"" in the next survey once I finish my searches"
5f4e76eff69af505fa21da55,01/03/2023 11:49:12,1,0,0,1,1,0,0,1,0,0,0,0,1,0,0,1,1,1,1,0,0,0,0,1,0,0,Quite likely,Quite likely,Quite likely,Quite likely,Slightly likely,Slightly likely,Slightly likely,Slightly likely,Slightly likely,Slightly likely,Slightly likely,Quite likely,Slightly likely,Slightly likely,Slightly likely,Fast search and hints,UI,Nope,01/03/2023 11:43:11,I confirm,Bachelor education,Advanced,Multiple times a day,1,0,0,0,0,1,0,1,0,1,0,0,0,0,0,0,0,0,1,0,0,1,0,1,0,0,I confirm,I confirm,I confirm,I searched my user ID number AND I am ready to use the platform.,Read the instructions FIRST,Submit this form,Go to Semantic Chapter and try to find what you were asked before,"Click the ""Get started"" in the next survey once I finish my searches"
5f63a2bc08a0080c790f8eb6,01/03/2023 14:46:28,1,1,1,1,1,1,0,0,0,1,1,0,0,1,0,0,1,0,0,0,1,0,0,0,0,0,Slightly likely,Slightly likely,Quite likely,Slightly likely,Slightly likely,Slightly likely,Extremely likely,Slightly likely,Quite likely,Quite likely,Quite likely,Slightly likely,Quite likely,Neither likely or unlikely,Quite likely,the multiple chapter thing,there was nothing i didnt like,no more comments,01/03/2023 14:33:55,I confirm,No knowledge,Advanced,Multiple times a day,0,0,0,1,1,0,1,0,0,0,1,0,0,1,0,0,1,0,0,0,1,0,0,0,0,0,I confirm,I confirm,I confirm,I searched my user ID number AND I am ready to use the platform.,Read the instructions FIRST,Submit this form,Go to Semantic Chapter and try to find what you were asked before,"Click the ""Get started"" in the next survey once I finish my searches"
5f6b8c1f5622370b0c94d597,01/03/2023 13:28:07,1,1,1,1,1,0,0,0,1,1,0,0,1,0,0,0,0,1,1,1,0,0,0,0,0,0,Quite likely,Slightly likely,Quite likely,Slightly likely,Slightly likely,Quite likely,Slightly likely,Slightly likely,Slightly likely,Slightly unlikely,Slightly likely,Slightly likely,Quite likely,Quite likely,Quite likely,the related/recommended topics that appeared when i searched,all the highlighted words in the actual chapter text made it very difficult to read,The youtube tutorial video was tiny and would not let me open it in full screen. Interesting task otherwise,01/03/2023 12:56:45,I confirm,High-school level,Native speaker,Multiple times a day,0,0,1,1,1,0,0,1,0,1,0,0,0,0,0,0,0,1,0,1,0,0,0,0,0,0,I confirm,I confirm,I confirm,I searched my user ID number AND I am ready to use the platform.,Read the instructions FIRST,Submit this form,Go to Semantic Chapter and try to find what you were asked before,"Click the ""Get started"" in the next survey once I finish my searches"
5fe230ee29598a57972db630,01/03/2023 13:35:16,1,0,1,0,1,0,1,0,0,1,1,0,1,1,1,1,1,0,0,1,0,1,1,0,1,0,Slightly likely,Slightly likely,Slightly likely,Slightly likely,Neither likely or unlikely,Slightly likely,Extremely likely,Quite likely,Quite likely,Slightly likely,Extremely likely,Slightly likely,Neither likely or unlikely,Neither likely or unlikely,Neither likely or unlikely,The possibility to search directly and look into actual books or researches in pdf.,"Again, the inability to quickly search without clicking on the suggestion. Also, why can't I click for example on a person description for further informations?",I have also done the part on sociology.,01/03/2023 13:22:51,I confirm,No knowledge,Advanced,Multiple times a day,0,0,1,0,0,0,0,0,0,0,0,0,0,0,0,0,1,0,0,0,0,0,0,0,0,0,I confirm,I confirm,I confirm,I searched my user ID number AND I am ready to use the platform.,Read the instructions FIRST,Go to Semantic Chapter and try to find what you were asked before,Submit this form,"Click the ""Get started"" in the next survey once I finish my searches"
5fe9284c2c2ee63925e41e5d,01/03/2023 16:09:58,1,1,0,1,1,1,0,1,0,1,0,0,0,0,0,0,1,0,0,0,0,0,0,1,1,0,Quite likely,Quite likely,Quite likely,Quite likely,Extremely likely,Quite likely,Slightly likely,Quite likely,Quite likely,Quite likely,Quite likely,Slightly likely,Quite likely,Quite likely,Quite likely,I liked that you could filter by key topics or words and have them stack together.,"When reading the actual descriptions from the books, practically every word is highlighted and tagged, which makes it super messy/hard to read.","Really impressed with the site overall, wish I had it when I studied!",01/03/2023 15:58:26,I confirm,Bachelor education,Native speaker,Multiple times a day,0,0,0,1,1,0,0,0,0,0,0,0,0,0,0,0,0,0,1,0,0,0,0,0,0,0,I confirm,I confirm,I confirm,I searched my user ID number AND I am ready to use the platform.,Read the instructions FIRST,Submit this form,Go to Semantic Chapter and try to find what you were asked before,"Click the ""Get started"" in the next survey once I finish my searches"
6019a1226de5a01066871fa1,01/03/2023 14:15:28,1,1,1,1,1,1,0,1,0,1,0,0,1,1,0,1,1,1,1,0,0,0,0,1,1,1,Slightly likely,Slightly likely,Slightly likely,Slightly likely,Quite likely,Slightly likely,Quite likely,Quite likely,Slightly likely,Slightly likely,Quite likely,Extremely likely,Extremely likely,Quite likely,Quite likely,CONCEPTS,NONE,NO,01/03/2023 14:06:02,I confirm,High-school level,Advanced,Multiple times a day,0,0,1,1,1,1,0,0,0,0,0,0,1,1,0,1,1,1,1,0,0,1,0,0,1,0,I confirm,I confirm,I confirm,I searched my user ID number AND I am ready to use the platform.,Read the instructions FIRST,Submit this form,Go to Semantic Chapter and try to find what you were asked before,"Click the ""Get started"" in the next survey once I finish my searches"
603a293ee62ae15da2674441,01/03/2023 14:25:39,1,0,1,1,1,1,1,1,1,1,0,1,1,0,0,1,1,1,1,1,0,1,0,1,1,0,Slightly likely,Slightly likely,Slightly likely,Slightly likely,Neither likely or unlikely,Slightly likely,Extremely likely,Quite likely,Quite likely,Slightly likely,Slightly likely,Quite likely,Slightly likely,Neither likely or unlikely,Slightly likely,That you can combine couple of words ,There is a big delay when removing words.,no,01/03/2023 14:00:59,I confirm,No knowledge,Advanced,Multiple times a day,1,0,0,1,1,0,1,1,0,1,0,0,1,1,0,1,0,1,1,1,0,1,0,1,1,0,I confirm,I confirm,I confirm,I searched my user ID number AND I am ready to use the platform.,Read the instructions FIRST,Go to Semantic Chapter and try to find what you were asked before,Submit this form,"Click the ""Get started"" in the next survey once I finish my searches"
603a95f65fc5996c59b3ab1d,01/03/2023 13:16:52,1,1,0,0,1,1,1,1,0,1,1,0,1,0,1,1,1,1,1,1,0,1,1,1,1,1,Extremely likely,Extremely likely,Quite likely,Extremely likely,Extremely likely,Extremely likely,Slightly likely,Slightly likely,Extremely likely,Quite likely,Slightly likely,Slightly likely,Extremely likely,Extremely likely,Extremely likely,"I liked everything, its a really interactive website that it's easy for people to get used to.",I liked everything the same.,Everything worked fine :),01/03/2023 13:18:36,I confirm,No knowledge,Advanced,Multiple times a day,1,0,0,0,1,0,0,1,0,0,1,0,1,0,0,0,0,0,0,0,0,0,0,0,0,0,I confirm,I confirm,I confirm,I searched my user ID number AND I am ready to use the platform.,Read the instructions FIRST,Submit this form,Go to Semantic Chapter and try to find what you were asked before,"Click the ""Get started"" in the next survey once I finish my searches"
604b169fe4b7991ec08da3a6,01/03/2023 14:59:48,0,0,0,1,1,0,1,1,0,0,0,0,1,1,1,1,1,0,1,0,0,1,0,0,0,0,Quite likely,Quite likely,Quite likely,Slightly likely,Quite likely,Quite likely,Extremely likely,Extremely likely,Extremely likely,Extremely likely,Extremely likely,Extremely likely,Extremely likely,Quite likely,Quite likely,,,,01/03/2023 14:04:12,I confirm,No knowledge,Advanced,Multiple times a day,0,0,0,0,0,0,0,0,0,0,0,0,0,0,0,0,0,0,0,0,0,0,0,0,0,0,I confirm,I confirm,I confirm,I searched my user ID number AND I am ready to use the platform.,Read the instructions FIRST,Submit this form,Go to Semantic Chapter and try to find what you were asked before,"Click the ""Get started"" in the next survey once I finish my searches"
607728dc0b4f8590b94ae57c,01/03/2023 15:27:59,1,0,0,1,1,1,0,1,0,1,0,0,1,1,0,0,1,0,1,0,0,0,0,0,1,1,Slightly unlikely,Slightly likely,Slightly likely,Slightly likely,Slightly unlikely,Slightly likely,Slightly likely,Slightly likely,Neither likely or unlikely,Neither likely or unlikely,Slightly likely,Neither likely or unlikely,Neither likely or unlikely,Slightly likely,Neither likely or unlikely,None.,"I didn't think the semantic chapter was good to be honest, I'd prefer to just google what I need to know",None.,01/03/2023 15:19:54,I confirm,High-school level,Advanced,Multiple times a day,0,0,1,0,1,0,1,1,0,1,0,0,0,0,0,0,1,0,1,0,0,0,0,0,1,1,I confirm,I confirm,I confirm,I searched my user ID number AND I am ready to use the platform.,Read the instructions FIRST,Submit this form,Go to Semantic Chapter and try to find what you were asked before,"Click the ""Get started"" in the next survey once I finish my searches"
608930a9d426b23a7b53c710,01/03/2023 15:38:49,1,1,1,0,0,1,0,1,1,1,1,1,1,1,0,1,1,1,1,0,1,1,1,1,1,0,Extremely likely,Extremely likely,Extremely likely,Quite likely,Quite likely,Extremely likely,Quite likely,Slightly likely,Quite likely,Quite likely,Slightly likely,Quite likely,Quite likely,Slightly likely,Quite likely,,,,01/03/2023 14:57:33,I confirm,High-school level,Mid or low level,Multiple times a day,0,0,1,0,0,1,0,1,0,1,0,1,1,0,1,1,1,1,0,0,0,1,1,1,1,0,I confirm,I confirm,I confirm,I searched my user ID number AND I am ready to use the platform.,Read the instructions FIRST,Submit this form,Go to Semantic Chapter and try to find what you were asked before,"Click the ""Get started"" in the next survey once I finish my searches"
60bf28df4926a8b6391df575,01/03/2023 13:59:28,1,1,1,0,1,1,0,0,1,1,1,1,1,0,1,1,1,0,1,1,1,1,1,1,0,0,Extremely likely,Quite likely,Extremely likely,Extremely likely,Extremely likely,Extremely likely,Extremely likely,Extremely likely,Extremely likely,Extremely likely,Extremely likely,Extremely likely,Extremely likely,Extremely likely,Extremely likely,how practical and easy to use it is,i had flawless experience with it,,01/03/2023 13:53:02,I confirm,High-school level,Native speaker,Multiple times a day,1,1,1,1,1,0,0,0,0,0,0,0,0,0,0,1,0,0,1,0,1,0,0,1,1,0,I confirm,I confirm,I confirm,I searched my user ID number AND I am ready to use the platform.,Read the instructions FIRST,Submit this form,Go to Semantic Chapter and try to find what you were asked before,"Click the ""Get started"" in the next survey once I finish my searches"
60c048ca962103e0da201a34,01/03/2023 12:56:57,1,1,1,0,0,1,0,1,0,0,1,0,1,1,0,0,0,0,1,0,0,0,0,0,0,0,Quite likely,Neither likely or unlikely,Quite likely,Neither likely or unlikely,Quite likely,Extremely likely,Extremely likely,Quite likely,Quite likely,Quite likely,Quite likely,Quite likely,Extremely likely,Extremely likely,Extremely likely,the different columns,,,01/03/2023 12:57:48,I confirm,No knowledge,Native speaker,Multiple times a day,0,0,0,0,0,0,0,0,0,0,0,0,0,0,0,0,0,0,1,0,0,0,0,0,0,0,I confirm,I confirm,I confirm,I searched my user ID number AND I am ready to use the platform.,Read the instructions FIRST,Submit this form,Go to Semantic Chapter and try to find what you were asked before,"Click the ""Get started"" in the next survey once I finish my searches"
60cdae5d942a76a98eba611a,01/03/2023 16:22:30,1,0,0,1,1,0,0,1,0,1,1,0,1,0,0,1,0,1,1,0,0,1,0,1,0,1,Extremely likely,Extremely likely,Extremely likely,Extremely likely,Extremely likely,Extremely likely,Extremely likely,Extremely likely,Extremely likely,Extremely likely,Extremely likely,Extremely likely,Extremely likely,Extremely likely,Extremely likely,The searching button and the expand button ,none,No comment ,01/03/2023 16:14:27,I confirm,High-school level,Advanced,Multiple times a day,1,0,0,1,1,0,1,1,0,1,1,0,1,0,0,1,0,1,1,0,0,1,0,1,0,1,I confirm,I confirm,I confirm,I searched my user ID number AND I am ready to use the platform.,Read the instructions FIRST,Submit this form,Go to Semantic Chapter and try to find what you were asked before,"Click the ""Get started"" in the next survey once I finish my searches"
60d1ad57fb10e23b2157d23a,01/03/2023 14:45:51,1,1,1,1,1,1,0,1,0,1,0,0,1,0,0,0,0,0,0,0,0,0,0,0,0,0,Extremely likely,Extremely likely,Slightly likely,Slightly likely,Extremely likely,Extremely likely,Extremely likely,Slightly likely,Extremely likely,Extremely likely,Extremely likely,Extremely likely,Extremely likely,Extremely likely,Extremely likely,,,,01/03/2023 14:32:06,I confirm,No knowledge,Advanced,Multiple times a day,0,0,0,0,0,0,0,0,0,0,0,0,1,0,0,0,1,0,0,0,0,0,0,0,0,0,I confirm,I confirm,I confirm,I searched my user ID number AND I am ready to use the platform.,Read the instructions FIRST,Submit this form,Go to Semantic Chapter and try to find what you were asked before,"Click the ""Get started"" in the next survey once I finish my searches"
60d478e72e8251287b641b2d,01/03/2023 15:07:46,1,1,1,1,1,1,1,0,0,1,1,0,1,0,1,1,0,0,1,1,0,1,0,1,1,0,Quite likely,Slightly likely,Quite likely,Quite likely,Quite likely,Slightly likely,Extremely likely,Slightly likely,Quite likely,Slightly likely,Quite likely,Quite likely,Quite likely,Slightly likely,Quite likely,It was easy to find definitions as all you need to do is type in a word or phrase,"The fact that you could only use a word or short phrase to search. Although it helps in terms of speed of short searches, it can be quite limiting.",,01/03/2023 14:39:27,I confirm,High-school level,Advanced,Multiple times a day,0,0,1,1,1,0,0,1,0,0,0,0,1,0,1,1,1,0,0,1,0,0,0,0,1,0,I confirm,I confirm,I confirm,I searched my user ID number AND I am ready to use the platform.,Read the instructions FIRST,Submit this form,Go to Semantic Chapter and try to find what you were asked before,"Click the ""Get started"" in the next survey once I finish my searches"
60e343946a7faddde88fbe3c,01/03/2023 15:39:44,1,0,0,1,1,0,0,0,0,1,1,1,1,1,1,1,1,1,0,0,0,1,0,1,1,0,Quite likely,Extremely likely,Extremely likely,Extremely likely,Quite likely,Extremely likely,Quite likely,Slightly likely,Slightly likely,Extremely likely,Quite likely,Quite likely,Extremely likely,Extremely likely,Quite likely,search,none,,01/03/2023 16:13:23,I confirm,High-school level,Native speaker,Multiple times a day,1,1,0,0,1,1,1,0,0,1,1,1,0,1,1,1,1,0,1,0,0,1,0,0,1,0,I confirm,I confirm,I confirm,I searched my user ID number AND I am ready to use the platform.,Read the instructions FIRST,Submit this form,Go to Semantic Chapter and try to find what you were asked before,"Click the ""Get started"" in the next survey once I finish my searches"
60f43127b2b2e32120869426,01/03/2023 12:40:58,1,1,1,1,1,1,0,1,1,1,1,0,1,0,0,1,1,1,1,1,0,1,1,1,0,1,Extremely likely,Quite likely,Quite likely,Extremely likely,Extremely likely,Extremely likely,Quite likely,Quite likely,Extremely likely,Extremely likely,Quite likely,Extremely likely,Extremely likely,Extremely likely,Extremely likely,Searching by chapters.,There was none.,It was a good experiment.,01/03/2023 12:27:39,I confirm,High-school level,Advanced,Multiple times a day,1,0,1,1,0,1,0,0,0,0,0,0,0,0,0,0,1,0,1,1,0,0,1,1,0,1,I confirm,I confirm,I confirm,I searched my user ID number AND I am ready to use the platform.,Read the instructions FIRST,Submit this form,Go to Semantic Chapter and try to find what you were asked before,"Click the ""Get started"" in the next survey once I finish my searches"
60f6acaed2336346c8997195,01/03/2023 15:44:33,1,1,0,1,1,1,0,1,0,1,1,0,1,1,0,1,0,1,1,0,0,0,0,1,0,1,Extremely likely,Extremely likely,Quite likely,Extremely likely,Quite likely,Quite likely,Extremely unlikely,Neither likely or unlikely,Neither likely or unlikely,Slightly unlikely,Extremely unlikely,Quite likely,Extremely likely,Extremely likely,Neither likely or unlikely,,,,01/03/2023 15:33:53,I confirm,High-school level,Advanced,Multiple times a day,1,0,0,1,1,0,0,1,0,1,0,0,1,1,0,1,1,1,0,0,0,0,0,1,0,1,I confirm,I confirm,I confirm,I searched my user ID number AND I am ready to use the platform.,Read the instructions FIRST,Submit this form,Go to Semantic Chapter and try to find what you were asked before,"Click the ""Get started"" in the next survey once I finish my searches"
60f814d5348f2f80c0e60c3a,01/03/2023 14:55:25,1,1,1,0,1,1,0,0,0,1,0,1,0,0,0,0,1,1,0,0,0,0,0,0,0,0,Extremely likely,Extremely likely,Extremely likely,Extremely likely,Extremely likely,Extremely likely,Extremely likely,Quite likely,Extremely likely,Extremely likely,Extremely likely,Extremely likely,Extremely likely,Extremely likely,Extremely likely,chapters section,none,no,01/03/2023 14:12:23,I confirm,No knowledge,Advanced,Eveyday,0,0,1,0,0,0,0,0,0,1,0,0,0,0,0,0,1,0,0,0,0,0,0,0,0,0,I confirm,I confirm,I confirm,I searched my user ID number AND I am ready to use the platform.,Read the instructions FIRST,Submit this form,Go to Semantic Chapter and try to find what you were asked before,"Click the ""Get started"" in the next survey once I finish my searches"
60fc39cce64c39328a7c8904,01/03/2023 14:19:18,1,1,1,1,1,1,0,1,0,1,1,1,1,0,0,1,1,1,1,1,1,1,1,0,1,0,Extremely likely,Extremely likely,Extremely likely,Extremely likely,Extremely likely,Extremely likely,Extremely likely,Quite likely,Quite likely,Slightly likely,Extremely likely,Extremely likely,Extremely likely,Extremely likely,Extremely likely,"Easy tags creating, adding them, and overall the customable searching was pretty handy and worked very well.",There is none that I can think of.,"Not at all, thank you for the survey and have a nice day!",01/03/2023 14:19:22,I confirm,High-school level,Advanced,Multiple times a day,0,0,0,0,1,1,0,1,0,0,1,0,0,1,0,0,1,0,1,0,0,0,0,0,1,0,I confirm,I confirm,I confirm,I searched my user ID number AND I am ready to use the platform.,Read the instructions FIRST,Submit this form,Go to Semantic Chapter and try to find what you were asked before,"Click the ""Get started"" in the next survey once I finish my searches"
6104921c0cd5d47f9ec1d719,01/03/2023 16:27:47,1,0,0,1,1,0,0,0,0,1,0,0,1,1,0,1,1,1,1,0,0,1,0,0,0,0,Quite likely,Extremely likely,Extremely likely,Quite likely,Quite likely,Extremely likely,Slightly likely,Quite likely,Quite likely,Quite likely,Quite likely,Slightly likely,Extremely likely,Quite likely,Quite likely,having recommendations/ suggestions after searching,the fact that I couldnt find information easy when searching using a sentence.,no further comments ,01/03/2023 15:41:03,I confirm,High-school level,Advanced,Multiple times a day,1,0,0,1,1,0,0,1,0,1,0,0,1,1,0,1,1,1,1,0,0,1,1,1,1,0,I confirm,I confirm,I confirm,I searched my user ID number AND I am ready to use the platform.,Read the instructions FIRST,Submit this form,Go to Semantic Chapter and try to find what you were asked before,"Click the ""Get started"" in the next survey once I finish my searches"
6106ac34408681f3b0d07396,01/03/2023 14:12:04,0,0,1,1,1,0,1,1,1,0,0,0,0,0,0,0,1,1,0,1,0,0,0,0,0,0,Neither likely or unlikely,Neither likely or unlikely,Slightly likely,Slightly likely,Slightly likely,Slightly likely,Quite likely,Slightly likely,Slightly likely,Neither likely or unlikely,Neither likely or unlikely,Slightly likely,Slightly likely,Slightly likely,Slightly likely,,,,01/03/2023 13:50:15,I confirm,High-school level,Advanced,Multiple times a day,0,0,1,1,1,0,1,1,0,0,0,0,0,0,0,0,1,0,0,1,0,0,0,0,0,0,I confirm,I confirm,I confirm,I searched my user ID number AND I am ready to use the platform.,Read the instructions FIRST,Submit this form,Go to Semantic Chapter and try to find what you were asked before,"Click the ""Get started"" in the next survey once I finish my searches"
6107acc592df914a921e2b41,01/03/2023 11:59:42,0,0,0,0,0,0,0,0,0,0,0,0,0,0,0,0,0,0,0,0,0,0,0,1,0,0,Slightly unlikely,Slightly unlikely,Quite unlikely,Quite unlikely,Quite unlikely,Quite unlikely,Quite unlikely,Quite unlikely,Neither likely or unlikely,Slightly unlikely,Slightly unlikely,Quite unlikely,Quite likely,Neither likely or unlikely,Quite unlikely,the whole idea is good/sound,"the UI, i know it seems straight forward but it is not and the text that it spits out (unless giving access to books) is essentially unusable","N/A, it was interesting, thank you.",01/03/2023 11:39:52,I confirm,No knowledge,Native speaker,Multiple times a day,0,0,0,0,0,0,0,0,0,0,0,0,0,1,0,0,0,0,0,0,0,1,0,1,0,0,I confirm,I confirm,I confirm,I searched my user ID number AND I am ready to use the platform.,Read the instructions FIRST,Submit this form,Go to Semantic Chapter and try to find what you were asked before,"Click the ""Get started"" in the next survey once I finish my searches"
611dfd887f3a8a1fc3f1db46,01/03/2023 14:00:15,1,0,0,1,1,1,0,1,0,1,1,0,1,0,0,1,0,1,1,0,0,1,0,1,1,1,Extremely likely,Extremely likely,Extremely likely,Extremely likely,Extremely likely,Extremely likely,Extremely likely,Extremely likely,Extremely likely,Extremely likely,Extremely likely,Extremely likely,Extremely likely,Extremely likely,Extremely likely,showing the definition of the term i have searched and more info and example about it,fonts format could use an improvement,semantic paths website is cool and i will visit more often to get more information and this is a great study i enjoyed it very much,01/03/2023 13:51:31,I confirm,High-school level,Advanced,Multiple times a day,1,0,0,1,1,1,0,1,0,1,1,0,1,0,0,1,0,1,1,0,0,1,0,1,1,1,I confirm,I confirm,I confirm,I searched my user ID number AND I am ready to use the platform.,Read the instructions FIRST,Submit this form,Go to Semantic Chapter and try to find what you were asked before,"Click the ""Get started"" in the next survey once I finish my searches"
61267978e96853d3b974ca53,01/03/2023 13:38:26,1,1,1,1,1,1,0,1,0,1,1,1,1,1,1,0,1,1,1,1,0,1,0,0,0,1,Slightly likely,Quite likely,Quite likely,Neither likely or unlikely,Neither likely or unlikely,Slightly likely,Slightly likely,Slightly unlikely,Slightly likely,Slightly likely,Quite likely,Quite likely,Slightly likely,Quite likely,Neither likely or unlikely,The ease of use of the search bar.,The way of finding the answer to your own question.,Nope.,01/03/2023 13:25:46,I confirm,High-school level,Advanced,Multiple times a day,1,1,0,1,1,1,0,0,0,0,0,1,0,0,0,0,0,1,0,0,0,1,1,1,0,0,I confirm,I confirm,I confirm,I searched my user ID number AND I am ready to use the platform.,Read the instructions FIRST,Submit this form,Go to Semantic Chapter and try to find what you were asked before,"Click the ""Get started"" in the next survey once I finish my searches"
61267b828ead584bcf092e35,01/03/2023 16:26:13,1,0,1,0,0,1,1,1,0,0,0,0,1,0,0,1,0,1,0,0,1,1,0,1,1,0,Quite likely,Extremely likely,Extremely likely,Extremely likely,Extremely likely,Extremely likely,Extremely likely,Quite likely,Extremely likely,Extremely likely,Extremely likely,Extremely likely,Extremely likely,Extremely likely,Extremely likely,you can type what you want to search for and it gives more options that are related to what you are searching for,some words when you search for them you don't get results,it summarizes the information quickly and clearly,01/03/2023 15:42:13,I confirm,No knowledge,Native speaker,Multiple times a day,0,0,0,0,0,0,1,0,0,0,0,0,1,0,0,0,0,0,0,0,0,0,0,0,0,0,I confirm,I confirm,I confirm,I searched my user ID number AND I am ready to use the platform.,Read the instructions FIRST,Submit this form,Go to Semantic Chapter and try to find what you were asked before,"Click the ""Get started"" in the next survey once I finish my searches"
612dee62b4ac6d399a520347,01/03/2023 09:34:47,1,1,1,1,1,1,0,1,1,1,1,1,1,1,1,1,0,1,1,0,0,1,0,1,1,1,Extremely likely,Extremely likely,Extremely likely,Extremely likely,Extremely likely,Extremely likely,Quite likely,Quite likely,Extremely likely,Quite likely,Quite likely,Extremely likely,Extremely likely,Extremely likely,Extremely likely,the highlighting of key words that i searched for,The delay in response when i remove a search word,,01/03/2023 08:45:49,I confirm,Bachelor education,Native speaker,Multiple times a day,1,0,1,1,1,1,1,1,0,1,1,1,1,1,0,1,0,0,0,0,0,1,0,1,1,1,I confirm,I confirm,I confirm,I searched my user ID number AND I am ready to use the platform.,Read the instructions FIRST,Submit this form,Go to Semantic Chapter and try to find what you were asked before,"Click the ""Get started"" in the next survey once I finish my searches"
612f169a21961e0c670148a7,01/03/2023 15:16:25,1,0,1,1,1,0,0,1,0,0,0,0,1,1,1,1,1,0,0,1,0,1,0,0,0,0,Slightly likely,Slightly likely,Quite likely,Neither likely or unlikely,Slightly likely,Slightly likely,Quite likely,Quite likely,Slightly likely,Neither likely or unlikely,Slightly unlikely,Slightly likely,Slightly likely,Slightly likely,Slightly likely,History of Psychology,Freud,No comments,01/03/2023 14:54:56,I confirm,High-school level,Native speaker,Multiple times a day,1,0,0,1,1,1,0,1,0,0,0,0,1,1,1,1,1,0,0,1,0,1,0,0,0,0,I confirm,I confirm,I confirm,I searched my user ID number AND I am ready to use the platform.,Read the instructions FIRST,Submit this form,Go to Semantic Chapter and try to find what you were asked before,"Click the ""Get started"" in the next survey once I finish my searches"
6138c0ee7c2e870d9fe8bdd0,01/03/2023 15:20:38,0,0,0,0,0,0,0,0,0,0,0,0,0,0,0,0,0,0,0,0,0,0,0,0,1,0,Extremely unlikely,Quite unlikely,Quite unlikely,Quite unlikely,Quite unlikely,Quite unlikely,Extremely unlikely,Extremely unlikely,Quite unlikely,Extremely unlikely,Quite unlikely,Quite unlikely,Extremely unlikely,Extremely unlikely,Extremely unlikely,none,Could not get more information on the people,,01/03/2023 15:15:54,I confirm,No knowledge,Native speaker,Multiple times a day,0,0,0,0,0,0,0,0,0,0,0,0,0,0,0,0,0,0,0,0,0,0,0,0,1,0,I confirm,I confirm,I confirm,I searched my user ID number AND I am ready to use the platform.,Read the instructions FIRST,Submit this form,Go to Semantic Chapter and try to find what you were asked before,"Click the ""Get started"" in the next survey once I finish my searches"
613b6b255222c19fe62f4a04,01/03/2023 15:36:20,1,1,0,1,1,1,0,1,0,1,1,1,1,0,0,1,1,0,0,1,0,1,0,1,1,0,Extremely likely,Extremely likely,Extremely likely,Extremely likely,Extremely likely,Extremely likely,Extremely likely,Extremely likely,Extremely likely,Extremely likely,Extremely likely,Extremely likely,Extremely likely,Extremely likely,Extremely likely,The fact that I was able to preview chapter in a book then visit the entire book to use further for my assignments and not just the chapter that came up,None,Great search engine for students!,01/03/2023 15:27:38,I confirm,High-school level,Advanced,Multiple times a day,1,1,0,0,1,1,0,1,0,1,1,1,1,0,0,1,1,0,0,1,0,1,0,1,1,0,I confirm,I confirm,I confirm,I searched my user ID number AND I am ready to use the platform.,Read the instructions FIRST,Go to Semantic Chapter and try to find what you were asked before,Submit this form,"Click the ""Get started"" in the next survey once I finish my searches"
61687ebcd2a35ffb762d1928,01/03/2023 12:26:42,1,1,0,1,1,1,0,1,0,1,1,1,1,0,0,1,1,1,1,1,0,1,0,0,1,0,Extremely likely,Extremely likely,Extremely likely,Extremely likely,Extremely likely,Extremely likely,Quite likely,Quite likely,Quite likely,Extremely likely,Extremely likely,Extremely likely,Extremely likely,Extremely likely,Extremely likely,Being able to search authors,Not being able to find certain definitions,None,01/03/2023 11:53:46,I confirm,No knowledge,Advanced,Multiple times a day,0,0,1,1,1,0,0,0,0,0,0,0,0,0,0,0,0,0,1,0,0,0,0,0,0,0,I confirm,I confirm,I confirm,I searched my user ID number AND I am ready to use the platform.,Read the instructions FIRST,Submit this form,Go to Semantic Chapter and try to find what you were asked before,"Click the ""Get started"" in the next survey once I finish my searches"
616c9718c50361a47cdf608d,01/03/2023 14:37:33,0,1,1,1,1,0,0,1,0,0,0,0,0,1,0,0,1,0,0,0,1,1,0,1,1,0,Neither likely or unlikely,Neither likely or unlikely,Neither likely or unlikely,Neither likely or unlikely,Neither likely or unlikely,Slightly likely,Slightly likely,Slightly unlikely,Neither likely or unlikely,Slightly likely,Slightly unlikely,Quite likely,Quite likely,Neither likely or unlikely,Quite likely,Adding more options to the search.,I can't read more info when it comes to people.,,01/03/2023 14:29:45,I confirm,No knowledge,Advanced,Multiple times a day,0,0,1,1,1,0,1,1,0,0,0,0,1,1,0,0,1,0,0,0,0,1,0,1,1,0,I confirm,I confirm,I confirm,I searched my user ID number AND I am ready to use the platform.,Read the instructions FIRST,Submit this form,Go to Semantic Chapter and try to find what you were asked before,"Click the ""Get started"" in the next survey once I finish my searches"
61702a081098614cd58391a8,01/03/2023 14:55:17,1,1,0,1,1,1,1,1,0,1,1,1,1,1,1,1,1,1,0,0,1,1,1,1,0,0,Extremely unlikely,Extremely unlikely,Extremely unlikely,Extremely unlikely,Extremely unlikely,Extremely unlikely,Extremely unlikely,Extremely unlikely,Extremely unlikely,Extremely unlikely,Extremely unlikely,Extremely unlikely,Quite likely,Extremely unlikely,Slightly likely,"the linkages - it could be good to use, but the it's like an information overload","there was no one direct answer or road to an answers, info overload, busy screen.",,01/03/2023 14:56:13,I confirm,No knowledge,Native speaker,Multiple times a day,0,0,0,1,1,1,0,1,0,1,0,0,0,0,0,0,1,0,0,0,0,1,0,0,0,0,I confirm,I confirm,I confirm,I searched my user ID number AND I am ready to use the platform.,Read the instructions FIRST,Submit this form,Go to Semantic Chapter and try to find what you were asked before,"Click the ""Get started"" in the next survey once I finish my searches"
628f7669ee68aabf3930123b,01/03/2023 13:27:48,1,0,1,1,1,1,0,1,0,1,0,0,1,1,0,1,1,1,1,1,1,1,1,1,0,1,Extremely likely,Extremely likely,Extremely likely,Extremely likely,Extremely likely,Extremely likely,Extremely likely,Quite likely,Quite likely,Extremely likely,Extremely likely,Quite likely,Extremely likely,Extremely likely,Extremely likely,combination of search terms and lots of links in the chapter,"When you open the chapters they're a wall of text, sub headings and paragraphs would be good","There should be a back to chapter button after you click a link within it. When you click on a person it should take you to a small bio, similar to the definitions, about what that psychologist did for the field ",01/03/2023 12:54:32,I confirm,High-school level,Native speaker,Multiple times a day,0,0,1,1,1,0,0,0,0,1,0,0,0,0,0,0,1,0,1,1,0,0,0,0,0,0,I confirm,I confirm,I confirm,I searched my user ID number AND I am ready to use the platform.,Read the instructions FIRST,Submit this form,Go to Semantic Chapter and try to find what you were asked before,"Click the ""Get started"" in the next survey once I finish my searches"
62c4291de038dd8aab9d0312,01/03/2023 14:44:55,1,1,1,1,1,1,0,1,0,1,1,1,1,1,0,1,1,1,1,1,1,1,1,1,1,0,Extremely likely,Extremely likely,Extremely likely,Extremely likely,Extremely likely,Extremely likely,Extremely likely,Quite likely,Quite likely,Neither likely or unlikely,Quite likely,Extremely likely,Extremely likely,Quite likely,Extremely likely,All related information appearing when searching for a single topic,It was difficult to get off one chapter and on to a new one,,01/03/2023 14:35:46,I confirm,High-school level,Native speaker,Multiple times a day,1,1,1,1,1,1,0,1,0,1,1,1,1,1,0,0,1,1,1,1,0,1,1,1,1,0,I confirm,I confirm,I confirm,I searched my user ID number AND I am ready to use the platform.,Read the instructions FIRST,Submit this form,Go to Semantic Chapter and try to find what you were asked before,"Click the ""Get started"" in the next survey once I finish my searches"
62fb79e7c968f4fc555d1e2f,01/03/2023 15:27:53,1,1,1,1,1,0,1,1,1,1,0,0,1,1,0,1,1,1,1,1,1,1,0,1,0,0,Quite likely,Quite likely,Slightly likely,Slightly likely,Slightly likely,Slightly likely,Slightly likely,Slightly unlikely,Slightly unlikely,Slightly unlikely,Slightly unlikely,Slightly unlikely,Neither likely or unlikely,Neither likely or unlikely,Slightly unlikely,reasonable search functionality,inability to look at information on people easily,,01/03/2023 15:17:57,I confirm,High-school level,Native speaker,Multiple times a day,1,0,1,1,1,0,1,1,0,1,0,0,0,0,0,0,1,0,1,0,0,0,0,0,0,0,I confirm,I confirm,I confirm,I searched my user ID number AND I am ready to use the platform.,Read the instructions FIRST,Submit this form,Go to Semantic Chapter and try to find what you were asked before,"Click the ""Get started"" in the next survey once I finish my searches"
631610af8e747093cd90e00d,01/03/2023 16:23:44,1,1,1,1,1,1,1,1,0,1,1,1,1,1,0,1,1,1,1,0,1,1,1,1,1,0,Slightly likely,Quite likely,Quite likely,Quite likely,Slightly likely,Quite likely,Extremely likely,Extremely likely,Quite likely,Quite likely,Quite likely,Quite likely,Quite likely,Quite likely,Quite likely,Search terms being defined as I'm looking for them was useful to make sure I was trying to find the right thing,Abstracts could be more useful (highlighting searched terms more prominently) but maybe beyond the scope for what it is.,,01/03/2023 16:01:36,I confirm,High-school level,Native speaker,Multiple times a day,1,1,1,1,1,1,1,1,0,1,1,1,1,1,0,1,1,0,1,0,1,1,1,0,0,0,I confirm,I confirm,I confirm,I searched my user ID number AND I am ready to use the platform.,Read the instructions FIRST,Submit this form,Go to Semantic Chapter and try to find what you were asked before,"Click the ""Get started"" in the next survey once I finish my searches"
63174af7d57182f9bf90c094,01/03/2023 14:25:11,1,1,0,1,1,1,1,1,0,1,1,0,1,1,1,1,1,1,0,0,1,1,0,1,1,0,Slightly likely,Slightly likely,Slightly likely,Slightly likely,Quite likely,Slightly likely,Slightly unlikely,Neither likely or unlikely,Neither likely or unlikely,Slightly likely,Slightly likely,Neither likely or unlikely,Slightly likely,Slightly likely,Slightly likely,the search and highlight feature,the layout is not really great,,01/03/2023 14:09:33,I confirm,High-school level,Native speaker,Multiple times a day,1,0,0,1,1,1,1,1,0,1,1,0,1,1,0,0,0,1,0,0,0,0,0,1,1,0,I confirm,I confirm,I confirm,I searched my user ID number AND I am ready to use the platform.,Read the instructions FIRST,Submit this form,Go to Semantic Chapter and try to find what you were asked before,"Click the ""Get started"" in the next survey once I finish my searches"
634fde191ed73d0409412077,01/03/2023 15:33:15,1,0,1,1,1,0,1,1,0,1,1,0,1,0,1,1,1,1,1,1,0,1,1,1,1,1,Extremely likely,Extremely likely,Extremely likely,Extremely likely,Extremely likely,Extremely likely,Quite likely,Quite likely,Quite likely,Quite likely,Quite likely,Quite likely,Extremely likely,Extremely likely,Extremely likely,All the features are cool,,,01/03/2023 15:18:16,I confirm,Bachelor education,Advanced,Multiple times a day,1,0,1,1,1,0,1,1,0,0,1,0,1,0,0,0,1,1,0,1,0,1,0,0,1,1,I confirm,I confirm,I confirm,I searched my user ID number AND I am ready to use the platform.,Read the instructions FIRST,Submit this form,Go to Semantic Chapter and try to find what you were asked before,"Click the ""Get started"" in the next survey once I finish my searches"
6385fd4f0e0133c619851b7e,01/03/2023 13:21:52,1,0,0,0,0,0,0,0,0,0,1,0,0,0,0,0,0,1,1,0,0,0,0,0,0,0,Quite likely,Quite likely,Quite likely,Quite likely,Quite likely,Quite likely,Extremely likely,Extremely likely,Extremely likely,Quite likely,Quite likely,Quite likely,Quite likely,Extremely likely,Quite likely,Building up resources by adding more searches ,Expanded view on things that are not chapters,Difficult to complete this study with no existing knowledge of psychology ,01/03/2023 13:01:21,I confirm,No knowledge,Native speaker,Multiple times a day,0,0,0,0,0,0,0,0,0,0,0,0,0,0,0,0,0,0,1,0,0,0,0,0,0,0,I confirm,I confirm,I confirm,I searched my user ID number AND I am ready to use the platform.,Read the instructions FIRST,Submit this form,Go to Semantic Chapter and try to find what you were asked before,"Click the ""Get started"" in the next survey once I finish my searches"
6399d599c9d83e0ed0317ea2,01/03/2023 11:43:12,1,0,1,1,1,0,0,1,0,1,0,0,0,1,0,0,1,1,0,0,0,1,0,1,0,0,Quite likely,Quite likely,Quite likely,Extremely likely,Extremely likely,Quite likely,Extremely likely,Extremely likely,Extremely likely,Extremely likely,Quite likely,Quite likely,Quite likely,Quite likely,Quite likely,,,,01/03/2023 11:37:49,I confirm,No knowledge,Native speaker,Multiple times a day,0,0,1,1,1,0,0,1,0,1,0,0,0,1,0,0,0,0,0,0,0,0,0,0,0,0,I confirm,I confirm,I confirm,I searched my user ID number AND I am ready to use the platform.,Read the instructions FIRST,Submit this form,Go to Semantic Chapter and try to find what you were asked before,"Click the ""Get started"" in the next survey once I finish my searches"
63c5335da2b625ab1ade7e7c,01/03/2023 12:16:40,1,0,1,0,0,0,0,1,0,0,1,0,0,1,0,0,1,0,0,0,0,0,0,0,0,0,Slightly likely,Slightly unlikely,Slightly unlikely,Slightly likely,Quite likely,Quite likely,Slightly unlikely,Quite unlikely,Quite likely,Slightly likely,Slightly likely,Slightly likely,Slightly likely,Quite unlikely,Slightly unlikely,Automatic highlighting,"Poor information on the ""people"" column","The information in the website is really basic, I couldn't expand any argument if not via the book. Furthermore having to learn stuff about something that I barely remember was impossible (cognitive stuff, terminology, all the names of the psychologists, etc etc)",01/03/2023 12:03:41,I confirm,No knowledge,Native speaker,Multiple times a day,0,0,1,0,1,0,0,0,0,0,0,0,0,1,0,0,0,0,0,0,0,0,0,0,0,0,I confirm,I confirm,I confirm,I searched my user ID number AND I am ready to use the platform.,Read the instructions FIRST,Go to Semantic Chapter and try to find what you were asked before,Submit this form,"Click the ""Get started"" in the next survey once I finish my searches"
63d29d27d05fb22bbd5f925d,01/03/2023 13:22:42,1,1,1,1,1,1,0,1,0,1,1,0,1,0,0,1,1,1,0,0,0,1,1,1,0,1,Quite likely,Extremely likely,Extremely likely,Extremely likely,Quite likely,Quite likely,Slightly likely,Slightly likely,Quite likely,Quite likely,Extremely likely,Quite likely,Quite likely,Quite likely,Quite likely,Navigating requires a bit of getting used to,,,01/03/2023 12:59:44,I confirm,High-school level,Advanced,Multiple times a day,0,0,0,1,1,0,1,1,0,1,0,0,0,0,0,1,1,0,0,0,0,0,0,0,1,0,I confirm,I confirm,I confirm,I searched my user ID number AND I am ready to use the platform.,Read the instructions FIRST,Submit this form,Go to Semantic Chapter and try to find what you were asked before,"Click the ""Get started"" in the next survey once I finish my searches"
63d418c18b9d9b4daf0a4ae6,01/03/2023 15:57:24,0,1,1,1,1,0,0,0,0,0,1,0,1,1,0,1,0,1,0,1,0,1,1,0,0,0,Quite likely,Extremely likely,Extremely likely,Extremely likely,Extremely likely,Quite likely,Quite likely,Quite likely,Quite likely,Extremely likely,Quite likely,Extremely likely,Extremely likely,Quite likely,Extremely likely,search engine,none.,none.,01/03/2023 15:26:00,I confirm,High-school level,Mid or low level,Multiple times a day,0,0,0,0,0,0,0,0,0,0,0,0,0,1,0,0,0,0,0,0,0,0,0,0,0,0,I confirm,I confirm,I confirm,I searched my user ID number AND I am ready to use the platform.,Read the instructions FIRST,Submit this form,Go to Semantic Chapter and try to find what you were asked before,"Click the ""Get started"" in the next survey once I finish my searches"
63d5021468a31efc02740c1e,01/03/2023 13:32:35,1,0,1,0,0,0,0,1,0,1,0,0,0,0,1,1,1,1,1,0,0,1,0,1,1,0,Slightly likely,Slightly likely,Slightly likely,Quite likely,Quite likely,Slightly likely,Quite likely,Slightly likely,Slightly likely,Slightly likely,Slightly likely,Quite likely,Extremely likely,Quite likely,Extremely likely,auto-complete search query,People profiles are too short,,01/03/2023 13:34:43,I confirm,No knowledge,Native speaker,Multiple times a day,0,0,0,0,1,0,0,0,0,0,0,0,0,0,0,0,0,0,0,0,0,0,0,0,0,0,I confirm,I confirm,I confirm,I searched my user ID number AND I am ready to use the platform.,Read the instructions FIRST,Submit this form,Go to Semantic Chapter and try to find what you were asked before,"Click the ""Get started"" in the next survey once I finish my searches"
63d79fcd741f9cfb2f87152f,01/03/2023 14:15:10,0,0,1,0,0,0,0,0,0,0,0,0,0,0,0,0,1,0,1,0,0,0,0,0,0,0,Quite likely,Quite likely,Extremely likely,Quite likely,Neither likely or unlikely,Neither likely or unlikely,Slightly unlikely,Neither likely or unlikely,Slightly likely,Neither likely or unlikely,Quite likely,Neither likely or unlikely,Extremely likely,Slightly unlikely,Extremely likely,The ability top search for information based on specific concept or people or even an organisation,Not sure when/how the chapter comes in,Seems like a great platform,01/03/2023 14:08:29,I confirm,No knowledge,Native speaker,Multiple times a day,0,0,0,0,0,0,0,0,0,0,0,0,0,0,0,0,1,0,1,0,0,0,0,0,0,0,I confirm,I confirm,I confirm,I searched my user ID number AND I am ready to use the platform.,Read the instructions FIRST,Submit this form,Go to Semantic Chapter and try to find what you were asked before,"Click the ""Get started"" in the next survey once I finish my searches"
63d7c195a5fb49d5a97bf7d5,01/03/2023 14:08:17,1,0,1,1,1,0,0,1,0,0,1,0,0,1,0,0,1,1,0,0,0,0,1,1,0,1,Quite likely,Extremely likely,Quite likely,Quite likely,Quite likely,Quite likely,Slightly likely,Quite likely,Quite likely,Quite likely,Quite likely,Quite likely,Slightly likely,Quite likely,Quite likely,The feature i liked the best was the people tab where i could filter results by the thinker quickly.,One feature I disliked was that it appeared that chapters did not have the date to show when the paper was published.,Nope.,01/03/2023 13:55:04,I confirm,Master or further education,Native speaker,Eveyday,0,0,1,1,1,0,0,0,0,1,0,0,0,1,0,0,0,0,0,0,0,0,0,0,0,0,I confirm,I confirm,I confirm,I searched my user ID number AND I am ready to use the platform.,Read the instructions FIRST,Submit this form,Go to Semantic Chapter and try to find what you were asked before,"Click the ""Get started"" in the next survey once I finish my searches"
63e39219e05cdb27aac2d821,01/03/2023 15:33:31,1,1,1,1,1,1,0,0,0,1,0,0,0,1,0,0,1,0,0,0,0,0,0,0,0,0,Quite likely,Quite likely,Quite likely,Quite likely,Extremely likely,Extremely likely,Extremely likely,Slightly likely,Quite likely,Slightly likely,Slightly likely,Slightly likely,Extremely likely,Extremely likely,Quite likely,I liked how it instantly suggested other topics and sources that might help me.,It got a bit complicated as a first time user when all the keywords stacked up. ,,01/03/2023 15:27:55,I confirm,High-school level,Advanced,Eveyday,0,1,1,0,1,0,0,0,0,1,0,0,0,1,0,0,1,0,0,0,0,0,0,0,0,0,I confirm,I confirm,I confirm,I searched my user ID number AND I am ready to use the platform.,Read the instructions FIRST,Submit this form,Go to Semantic Chapter and try to find what you were asked before,"Click the ""Get started"" in the next survey once I finish my searches"
63e6dfd8bb1c10a44d13d7e5,01/03/2023 12:47:17,0,0,1,0,1,0,0,0,0,1,0,0,0,1,0,0,1,0,1,1,0,1,1,1,0,0,Slightly likely,Slightly unlikely,Slightly unlikely,Slightly unlikely,Slightly unlikely,Slightly likely,Quite likely,Quite likely,Quite likely,Quite likely,Extremely likely,Quite likely,Quite likely,Extremely likely,Extremely likely,"I really enjoyed the quick read part, where you could expand on a person or a concept for a very quick overview of what they were",I found it too easy to 'add' something to the search bar using the + symbol. This meant I kept growing my search accidentally and having to go back in and change things.,"I struggled to remember exactly what the topics were from the first survey, and no reminder was given of what these topics were so I could effectively search using Semantic Chapter. I just had to try and remember some of the topics you were going to quiz me on later, rather than being able to do a thorough search. Otherwise this looks like a great tool. I particularly enjoyed the 'chapters' section too, which allowed me to get a quick overview of the contents of the chapter. That would be really helpful as a reference later on whilst doing homeworks (post reading the literature for the first time).",01/03/2023 12:35:11,I confirm,Master or further education,Native speaker,Multiple times a day,0,0,1,0,1,0,0,1,0,1,0,0,1,1,0,0,1,0,1,1,0,1,0,1,0,0,I confirm,I confirm,I confirm,I searched my user ID number AND I am ready to use the platform.,Read the instructions FIRST,Submit this form,Go to Semantic Chapter and try to find what you were asked before,"Click the ""Get started"" in the next survey once I finish my searches"
63ee09a8b6db0d49e7c72de4,01/03/2023 13:29:36,1,1,1,0,1,0,0,1,0,0,1,0,0,1,0,1,0,1,0,0,0,0,0,1,0,0,Slightly unlikely,Slightly likely,Slightly likely,Slightly likely,Slightly likely,Slightly likely,Quite likely,Quite likely,Quite likely,Quite likely,Quite likely,Quite likely,Extremely likely,Quite likely,Quite likely,Searching multiple chapter within my search,None,,01/03/2023 13:26:21,I confirm,High-school level,Native speaker,Multiple times a day,0,0,0,0,0,0,0,0,0,0,0,0,0,0,0,0,0,0,0,0,0,0,0,0,0,0,I confirm,I confirm,I confirm,I searched my user ID number AND I am ready to use the platform.,Read the instructions FIRST,Submit this form,Go to Semantic Chapter and try to find what you were asked before,"Click the ""Get started"" in the next survey once I finish my searches"
63ef94c96aa1debba6d1c407,01/03/2023 14:31:46,0,0,1,1,1,0,1,1,0,1,1,0,1,0,1,1,1,1,1,1,0,1,1,1,1,1,Quite likely,Quite likely,Quite likely,Extremely likely,Extremely likely,Quite likely,Quite likely,Slightly likely,Quite likely,Slightly likely,Extremely likely,Quite likely,Extremely likely,Quite likely,Extremely likely,The keywords definitions ,,,01/03/2023 14:10:35,I confirm,Bachelor education,Advanced,Eveyday,0,0,1,1,1,0,1,1,0,1,1,0,1,0,1,1,1,1,1,1,0,1,1,1,1,1,I confirm,I confirm,I confirm,I searched my user ID number AND I am ready to use the platform.,Read the instructions FIRST,Submit this form,Go to Semantic Chapter and try to find what you were asked before,"Click the ""Get started"" in the next survey once I finish my searches"
63f77b6c38d19fe5e76e5a1b,01/03/2023 14:06:06,1,0,0,1,1,0,0,1,0,1,1,0,1,1,0,0,1,1,0,1,0,1,0,1,1,0,Extremely likely,Extremely likely,Quite likely,Quite likely,Quite likely,Quite likely,Extremely likely,Quite likely,Quite likely,Neither likely or unlikely,Neither likely or unlikely,Quite likely,Quite likely,Quite likely,Quite likely,I liked the ability to combine search terms together easily by pressing the plus,Nothing stood out as negative in this session,,01/03/2023 13:53:27,I confirm,No knowledge,Native speaker,Multiple times a day,0,0,0,0,1,0,0,1,0,1,0,0,0,1,0,0,1,0,0,1,0,1,0,1,1,0,I confirm,I confirm,I confirm,I searched my user ID number AND I am ready to use the platform.,Read the instructions FIRST,Submit this form,Go to Semantic Chapter and try to find what you were asked before,"Click the ""Get started"" in the next survey once I finish my searches"
63f7a2d8acd4b0cead8773e9,01/03/2023 16:11:18,1,1,1,1,0,0,0,1,0,1,1,1,1,1,0,1,1,1,0,0,1,1,0,1,0,1,Quite likely,Quite likely,Extremely likely,Quite likely,Extremely likely,Slightly likely,Extremely likely,Quite likely,Quite likely,Quite likely,Extremely likely,Quite likely,Extremely likely,Slightly likely,Quite likely,Search engine,none,none,01/03/2023 15:41:53,I confirm,No knowledge,Native speaker,Multiple times a day,0,0,0,0,0,0,0,1,0,0,0,0,0,0,0,1,1,0,0,0,0,0,0,0,0,0,I confirm,I confirm,I confirm,I searched my user ID number AND I am ready to use the platform.,Read the instructions FIRST,Submit this form,Go to Semantic Chapter and try to find what you were asked before,"Click the ""Get started"" in the next survey once I finish my searches"
63fdf724cc20975f17792de6,01/03/2023 11:52:39,0,1,1,1,1,1,0,0,0,1,1,0,0,1,0,0,1,0,1,0,0,0,0,0,1,0,Quite likely,Extremely likely,Extremely likely,Quite likely,Quite likely,Quite likely,Quite likely,Quite likely,Quite likely,Quite likely,Slightly likely,Quite likely,Quite likely,Slightly likely,Slightly likely,"I like the feature that when you type in something you get 3 branches which show concepts, chapters and people so you can easily find what you are looking for.",the branch of chapters when you click on it for more info many words are highlithed which makes it difficult for me to read,I would like the option to also be able to expand to person section like the rest so I can briefly read about these people like who they are and what they did. Since now I am only able to add them to the search bar.,01/03/2023 11:39:24,I confirm,High-school level,Advanced,Multiple times a day,0,0,0,0,0,0,0,0,0,0,1,0,0,1,0,0,1,0,0,0,0,0,0,0,1,0,I confirm,I confirm,I confirm,I searched my user ID number AND I am ready to use the platform.,Read the instructions FIRST,Submit this form,Go to Semantic Chapter and try to find what you were asked before,"Click the ""Get started"" in the next survey once I finish my searches"
,,,,,,,,,,,,,,,,,,,,,,,,,,,,,,,,,,,,,,,,,,,,,,,,,,,,,,,,,,,,,,,,,,,,,,,,,,,,,,,,,,,,
,,59,38,50,58,63,39,17,51,10,51,39,22,52,43,19,46,56,46,46,27,18,50,23,49,40,21,,,,,,,,,,,,,,,,,,,,,,,,24,8,31,40,51,17,18,37,0,36,16,10,30,26,7,24,46,16,33,17,5,29,13,25,34,10,,,,,,,,
,,,,,,,,,,,,,,,,,,,,,,,,,,,,,,,,,,,,,,,,,,,,,,,,,,,,,,,,,,,,,,,,,,,,,,,,,,,,,,,,,,,,
,,,,,,,,,,,,,,,,,,,,,,,,,,,,,,,,,,,,,,,,,,,,,,,,,,,,,,,,,,,,,,,,,,,,,,,,,,,,,,,,,,,,
,,,,,,,,,,,,,,,,,,,,,,,,,,,,,,,,,,,,,,,,,,,,,,,,,,,,,,,,,,,,,,,,,,,,,,,,,,,,,,,,,,,,
,Averages,43.1818181818182,39.6,33.5,,,,,,,,,,,,,,,,,,,,,,,,,,,,,,,,,,,,,,,,,,,,,,Averages,25.2727272727273,22.5,19.3333333333333,,,,,,,,,,,,,,,,,,,,,,,,,,,,,,,
,,,,,,,,,,,,,,,,,,,,,,,,,,,,,,,,,,,,,,,,,,,,,,,,,,,,,,,,,,,,,,,,,,,,,,,,,,,,,,,,,,,,
,,0.568181818181818,0.521052631578947,0.44078947368421,,,,,,,,,,,,,,,,,,,,,,,,,,,,,,,,,,,,,,,,,,,,,,,0.332535885167464,0.296052631578947,0.254385964912281,,,,,,,,,,,,,,,,,,,,,,,,,,,,,,,
