26/08/2023 13:11:05,I confirm,5d78d8ee90a13d001602b49c,High+AC0-school level,Advanced,Multiple times a day,0,+AC0-1,+AC0-1,+AC0-1,+AC0-1,+AC0-1,+AC0-1,+AC0-1,+AC0-1,+AC0-1,+AC0-1,+AC0-1,+AC0-1,+AC0-1,+AC0-1,+AC0-1,1,+AC0-1,+AC0-1,+AC0-1,1,+AC0-1,+AC0-1,0,0,+AC0-1,I confirm,I confirm,I confirm,,Go to Semantic Chapter and try to find what you were asked before,+ACI-Click the +ACIAIg-Get started+ACIAIg- in the next survey once I finish my searches+ACI-,,26/08/2023 13:45:19,0,+AC0-1,0,1,0,+AC0-1,+AC0-1,1,0,0,+AC0-1,+AC0-1,+AC0-1,+AC0-1,+AC0-1,+AC0-1,1,+AC0-1,1,0,+AC0-1,+AC0-1,+AC0-1,0,0,+AC0-1
26/08/2023 13:13:03,I confirm,601c0e94807fad668b4d0511,High+AC0-school level,Native speaker,Multiple times a day,0,+AC0-1,+AC0-1,+AC0-1,1,1,+AC0-1,1,+AC0-1,+AC0-1,+AC0-1,+AC0-1,+AC0-1,+AC0-1,+AC0-1,+AC0-1,0,+AC0-1,0,0,1,+AC0-1,0,1,0,+AC0-1,I confirm,I confirm,I confirm,,Go to Semantic Chapter and try to find what you were asked before,+ACI-Click the +ACIAIg-Get started+ACIAIg- in the next survey once I finish my searches+ACI-,,26/08/2023 13:43:18,0,+AC0-1,1,0,0,1,0,1,1,0,1,1,+AC0-1,1,1,1,+AC0-1,+AC0-1,0,0,1,1,1,0,0,1
26/08/2023 13:18:09,I confirm,5e67b776ff87e00532d8ddc1,High+AC0-school level,Advanced,Multiple times a day,1,+AC0-1,+AC0-1,+AC0-1,1,+AC0-1,+AC0-1,1,1,1,1,1,1,0,0,1,1,+AC0-1,0,1,1,+AC0-1,+AC0-1,0,0,+AC0-1,I confirm,I confirm,I confirm,,Submit this form,+ACI-Click the +ACIAIg-Get started+ACIAIg- in the next survey once I finish my searches+ACI-,,26/08/2023 13:32:53,1,+AC0-1,+AC0-1,+AC0-1,0,0,1,1,1,0,1,1,1,+AC0-1,0,1,1,1,0,1,1,0,+AC0-1,0,0,1
26/08/2023 15:53:15,I confirm,6346b0c544caa80ebc4e5b2d,High+AC0-school level,Native speaker,Multiple times a day,1,+AC0-1,+AC0-1,+AC0-1,+AC0-1,1,+AC0-1,+AC0-1,+AC0-1,+AC0-1,+AC0-1,+AC0-1,+AC0-1,+AC0-1,+AC0-1,+AC0-1,1,+AC0-1,1,1,1,+AC0-1,+AC0-1,1,0,+AC0-1,I confirm,I confirm,I confirm,,Go to Semantic Chapter and try to find what you were asked before,+ACI-Click the +ACIAIg-Get started+ACIAIg- in the next survey once I finish my searches+ACI-,,26/08/2023 16:05:23,1,+AC0-1,1,1,+AC0-1,1,1,+AC0-1,1,+AC0-1,+AC0-1,1,+AC0-1,+AC0-1,+AC0-1,+AC0-1,1,0,0,1,1,0,1,0,0,1
26/08/2023 15:56:47,I confirm,60ddfb3db6a71ad9ba75e387,High+AC0-school level,Advanced,Multiple times a day,1,+AC0-1,0,+AC0-1,1,1,+AC0-1,1,+AC0-1,+AC0-1,0,0,+AC0-1,1,0,1,1,1,0,1,1,0,0,0,0,+AC0-1,I confirm,I confirm,I confirm,,Go to Semantic Chapter and try to find what you were asked before,+ACI-Click the +ACIAIg-Get started+ACIAIg- in the next survey once I finish my searches+ACI-,,26/08/2023 16:03:27,1,0,1,0,0,0,1,0,1,1,0,0,1,1,0,1,1,1,0,1,1,0,0,0,0,1
26/08/2023 16:01:01,I confirm,5b59e2dff5bc59000117440c,No knowledge,Native speaker,Multiple times a day,0,+AC0-1,+AC0-1,+AC0-1,0,+AC0-1,+AC0-1,1,+AC0-1,+AC0-1,+AC0-1,+AC0-1,+AC0-1,1,0,1,1,+AC0-1,0,1,+AC0-1,+AC0-1,+AC0-1,+AC0-1,0,+AC0-1,I confirm,I confirm,I confirm,,Go to Semantic Chapter and try to find what you were asked before,+ACI-Click the +ACIAIg-Get started+ACIAIg- in the next survey once I finish my searches+ACI-,,26/08/2023 16:20:45,0,1,0,0,0,0,1,1,+AC0-1,1,+AC0-1,+AC0-1,+AC0-1,1,+AC0-1,1,1,0,0,1,1,+AC0-1,1,0,0,1
26/08/2023 16:02:41,I confirm,5fe23f65878eaadb5e2c8ba1,No knowledge,Advanced,Multiple times a day,1,+AC0-1,+AC0-1,+AC0-1,+AC0-1,+AC0-1,+AC0-1,+AC0-1,+AC0-1,+AC0-1,+AC0-1,+AC0-1,+AC0-1,+AC0-1,+AC0-1,+AC0-1,+AC0-1,+AC0-1,0,+AC0-1,+AC0-1,0,+AC0-1,+AC0-1,+AC0-1,+AC0-1,I confirm,I confirm,I confirm,,Go to Semantic Chapter and try to find what you were asked before,+ACI-Click the +ACIAIg-Get started+ACIAIg- in the next survey once I finish my searches+ACI-,,26/08/2023 16:38:40,1,0,+AC0-1,0,0,+AC0-1,1,1,1,+AC0-1,+AC0-1,+AC0-1,+AC0-1,+AC0-1,+AC0-1,+AC0-1,0,0,0,+AC0-1,1,0,+AC0-1,+AC0-1,+AC0-1,+AC0-1
26/08/2023 18:41:42,I confirm,6310eda535a15a7ca2e0cfbc,High+AC0-school level,Native speaker,Multiple times a day,0,+AC0-1,+AC0-1,+AC0-1,+AC0-1,1,+AC0-1,1,+AC0-1,+AC0-1,0,+AC0-1,0,0,1,1,1,+AC0-1,0,1,1,+AC0-1,1,+AC0-1,0,+AC0-1,I confirm,I confirm,I confirm,,Go to Semantic Chapter and try to find what you were asked before,+ACI-Click the +ACIAIg-Get started+ACIAIg- in the next survey once I finish my searches+ACI-,,26/08/2023 19:02:19,1,1,1,0,+AC0-1,0,1,+AC0-1,1,+AC0-1,+AC0-1,1,0,1,+AC0-1,1,1,+AC0-1,1,1,1,+AC0-1,1,+AC0-1,0,1
26/08/2023 18:51:02,I confirm,5fa45dc96da3af0b7dcba9a8,High+AC0-school level,Native speaker,Multiple times a day,1,+AC0-1,+AC0-1,+AC0-1,+AC0-1,+AC0-1,+AC0-1,+AC0-1,+AC0-1,+AC0-1,+AC0-1,+AC0-1,+AC0-1,1,+AC0-1,+AC0-1,1,+AC0-1,0,1,1,0,+AC0-1,0,0,+AC0-1,I confirm,I confirm,I confirm,,+ACI-Click the +ACIAIg-Get started+ACIAIg- in the next survey once I finish my searches+ACI-,Submit this form,,26/08/2023 19:07:34,1,1,1,0,0,0,1,1,1,0,1,0,0,0,0,1,1,1,0,1,1,1,1,+AC0-1,0,1
26/08/2023 18:53:57,I confirm,5f4826ac7f52512d8d8272b9,No knowledge,Native speaker,Multiple times a day,1,+AC0-1,+AC0-1,+AC0-1,1,1,+AC0-1,1,+AC0-1,+AC0-1,+AC0-1,+AC0-1,+AC0-1,1,0,1,1,+AC0-1,1,1,1,1,1,1,1,+AC0-1,I confirm,I confirm,I confirm,,Go to Semantic Chapter and try to find what you were asked before,+ACI-Click the +ACIAIg-Get started+ACIAIg- in the next survey once I finish my searches+ACI-,,26/08/2023 19:07:58,0,1,1,0,0,1,1,0,1,1,+AC0-1,1,1,1,0,1,1,1,1,1,1,1,1,1,1,1
26/08/2023 18:54:32,I confirm,60cb548814e8520d9069e354,High+AC0-school level,Native speaker,Multiple times a day,1,+AC0-1,+AC0-1,+AC0-1,0,+AC0-1,+AC0-1,1,1,+AC0-1,1,0,+AC0-1,1,0,1,+AC0-1,+AC0-1,0,0,1,+AC0-1,+AC0-1,0,0,+AC0-1,I confirm,I confirm,I confirm,,Submit this form,+ACI-Click the +ACIAIg-Get started+ACIAIg- in the next survey once I finish my searches+ACI-,,26/08/2023 19:05:57,1,1,+AC0-1,0,0,1,0,1,1,+AC0-1,1,1,1,1,0,1,+AC0-1,1,0,0,1,+AC0-1,+AC0-1,0,0,+AC0-1
26/08/2023 18:55:54,I confirm,5cabf58293e29a0016018c30,Bachelor education,Native speaker,Multiple times a day,1,+AC0-1,+AC0-1,+AC0-1,+AC0-1,1,1,1,+AC0-1,+AC0-1,1,+AC0-1,+AC0-1,1,+AC0-1,1,1,+AC0-1,0,1,1,+AC0-1,+AC0-1,1,+AC0-1,+AC0-1,I confirm,I confirm,I confirm,,Go to Semantic Chapter and try to find what you were asked before,+ACI-Click the +ACIAIg-Get started+ACIAIg- in the next survey once I finish my searches+ACI-,,26/08/2023 19:16:13,1,1,1,+AC0-1,1,1,1,1,1,0,+AC0-1,1,1,1,1,1,+AC0-1,+AC0-1,0,1,1,+AC0-1,+AC0-1,0,0,1
26/08/2023 18:56:55,I confirm,6100b7d1d121da73b60c7b6e,Master or further education,Advanced,Multiple times a day,1,1,1,0,+AC0-1,1,1,1,1,+AC0-1,+AC0-1,0,1,1,+AC0-1,1,1,+AC0-1,0,1,1,1,1,+AC0-1,+AC0-1,+AC0-1,I confirm,I confirm,I confirm,,+ACI-Click the +ACIAIg-Get started+ACIAIg- in the next survey once I finish my searches+ACI-,Submit this form,,26/08/2023 19:09:58,0,1,1,1,1,0,1,1,1,0,1,1,1,1,1,1,1,1,0,1,1,1,+AC0-1,0,1,1
26/08/2023 18:57:24,I confirm,5dd03c5486c8861300974102,High+AC0-school level,Native speaker,Multiple times a day,1,+AC0-1,+AC0-1,+AC0-1,+AC0-1,+AC0-1,+AC0-1,+AC0-1,+AC0-1,+AC0-1,+AC0-1,+AC0-1,+AC0-1,+AC0-1,+AC0-1,+AC0-1,+AC0-1,+AC0-1,1,1,1,+AC0-1,1,+AC0-1,1,+AC0-1,I confirm,I confirm,I confirm,,Go to Semantic Chapter and try to find what you were asked before,+ACI-Click the +ACIAIg-Get started+ACIAIg- in the next survey once I finish my searches+ACI-,,26/08/2023 19:25:55,1,1,1,+AC0-1,1,1,1,1,1,0,1,1,1,1,1,1,1,1,1,1,1,1,1,1,0,1
26/08/2023 18:58:02,I confirm,61082411ae20078aaf317d35,Bachelor education,Advanced,Multiple times a day,1,+AC0-1,+AC0-1,+AC0-1,+AC0-1,+AC0-1,+AC0-1,+AC0-1,+AC0-1,+AC0-1,+AC0-1,+AC0-1,+AC0-1,+AC0-1,+AC0-1,+AC0-1,1,+AC0-1,1,1,1,+AC0-1,+AC0-1,1,+AC0-1,+AC0-1,I confirm,I confirm,I confirm,,Go to Semantic Chapter and try to find what you were asked before,+ACI-Click the +ACIAIg-Get started+ACIAIg- in the next survey once I finish my searches+ACI-,,26/08/2023 19:08:54,0,1,1,+AC0-1,0,0,+AC0-1,1,1,+AC0-1,1,+AC0-1,1,1,+AC0-1,+AC0-1,1,1,1,1,1,+AC0-1,1,1,0,1
26/08/2023 19:00:52,I confirm,641384b3dffcf39ec42d3c23,High+AC0-school level,Native speaker,Multiple times a day,1,1,1,+AC0-1,1,1,1,1,+AC0-1,+AC0-1,1,+AC0-1,1,1,1,1,1,+AC0-1,1,1,1,1,1,1,0,1,I confirm,I confirm,I confirm,,Submit this form,+ACI-Click the +ACIAIg-Get started+ACIAIg- in the next survey once I finish my searches+ACI-,,26/08/2023 19:16:59,1,1,1,1,1,1,1,1,1,1,1,1,1,1,1,1,1,1,1,1,1,+AC0-1,1,1,0,1
26/08/2023 19:03:08,I confirm,5e14d563c4e155ae93907ae1,High+AC0-school level,Native speaker,Multiple times a day,1,+AC0-1,+AC0-1,+AC0-1,+AC0-1,+AC0-1,+AC0-1,+AC0-1,+AC0-1,+AC0-1,+AC0-1,+AC0-1,+AC0-1,+AC0-1,+AC0-1,+AC0-1,1,+AC0-1,0,1,1,+AC0-1,1,1,1,+AC0-1,I confirm,I confirm,I confirm,,Go to Semantic Chapter and try to find what you were asked before,+ACI-Click the +ACIAIg-Get started+ACIAIg- in the next survey once I finish my searches+ACI-,,26/08/2023 19:49:56,0,1,1,0,0,0,1,1,1,0,1,+AC0-1,+AC0-1,1,0,1,1,1,0,1,1,0,1,0,0,1
26/08/2023 19:05:27,I confirm,5b33a01fa8327d0001003821,No knowledge,Native speaker,Multiple times a day,1,+AC0-1,+AC0-1,+AC0-1,1,+AC0-1,+AC0-1,1,+AC0-1,+AC0-1,+AC0-1,+AC0-1,+AC0-1,+AC0-1,+AC0-1,+AC0-1,1,+AC0-1,1,1,1,+AC0-1,1,1,0,+AC0-1,I confirm,I confirm,I confirm,,Go to Semantic Chapter and try to find what you were asked before,+ACI-Click the +ACIAIg-Get started+ACIAIg- in the next survey once I finish my searches+ACI-,,26/08/2023 20:03:23,1,1,0,1,0,+AC0-1,1,1,+AC0-1,1,1,1,+AC0-1,1,1,1,1,0,0,1,1,0,1,1,0,1
26/08/2023 19:06:02,I confirm,5f8473a0bd72b20c607dbf13,No knowledge,Advanced,Multiple times a day,0,+AC0-1,+AC0-1,+AC0-1,+AC0-1,1,+AC0-1,+AC0-1,+AC0-1,+AC0-1,+AC0-1,+AC0-1,+AC0-1,+AC0-1,+AC0-1,+AC0-1,1,+AC0-1,0,1,1,+AC0-1,+AC0-1,1,+AC0-1,+AC0-1,I confirm,I confirm,I confirm,,Go to Semantic Chapter and try to find what you were asked before,+ACI-Click the +ACIAIg-Get started+ACIAIg- in the next survey once I finish my searches+ACI-,,26/08/2023 19:21:51,1,+AC0-1,+AC0-1,+AC0-1,0,0,1,1,+AC0-1,+AC0-1,+AC0-1,+AC0-1,0,1,+AC0-1,+AC0-1,1,1,0,1,1,+AC0-1,+AC0-1,1,0,+AC0-1
26/08/2023 19:08:03,I confirm,640103805957bbf6a1326ed0,High+AC0-school level,Native speaker,Eveyday,1,1,+AC0-1,+AC0-1,+AC0-1,1,+AC0-1,+AC0-1,+AC0-1,+AC0-1,+AC0-1,+AC0-1,+AC0-1,+AC0-1,1,+AC0-1,+AC0-1,+AC0-1,1,1,1,1,1,+AC0-1,0,+AC0-1,I confirm,I confirm,I confirm,,Go to Semantic Chapter and try to find what you were asked before,+ACI-Click the +ACIAIg-Get started+ACIAIg- in the next survey once I finish my searches+ACI-,,26/08/2023 19:37:12,1,0,1,0,0,0,+AC0-1,1,1,0,1,1,1,1,1,1,1,1,1,1,1,1,1,1,0,1
26/08/2023 19:11:10,I confirm,6419cedec2078147e5682474,High+AC0-school level,Native speaker,Multiple times a day,1,+AC0-1,+AC0-1,+AC0-1,1,+AC0-1,+AC0-1,1,+AC0-1,+AC0-1,+AC0-1,+AC0-1,1,0,+AC0-1,1,+AC0-1,+AC0-1,0,1,1,+AC0-1,+AC0-1,0,0,1,I confirm,I confirm,I confirm,,Go to Semantic Chapter and try to find what you were asked before,+ACI-Click the +ACIAIg-Get started+ACIAIg- in the next survey once I finish my searches+ACI-,,26/08/2023 19:27:47,1,1,1,0,0,0,1,1,1,1,1,1,1,1,1,1,1,1,0,1,1,1,+AC0-1,0,0,1
26/08/2023 19:12:29,I confirm,5d1c9f75328d1c001af3af0f,No knowledge,Advanced,Multiple times a day,1,+AC0-1,+AC0-1,+AC0-1,+AC0-1,1,+AC0-1,+AC0-1,+AC0-1,+AC0-1,1,+AC0-1,+AC0-1,1,+AC0-1,+AC0-1,+AC0-1,+AC0-1,0,1,1,0,0,+AC0-1,0,+AC0-1,I confirm,I confirm,I confirm,,Go to Semantic Chapter and try to find what you were asked before,+ACI-Click the +ACIAIg-Get started+ACIAIg- in the next survey once I finish my searches+ACI-,,26/08/2023 19:45:11,0,1,1,0,0,0,1,1,0,0,+AC0-1,0,0,1,+AC0-1,1,1,+AC0-1,0,1,0,0,0,+AC0-1,0,1
26/08/2023 19:12:40,I confirm,645612cc50e50ba936bc0af9,Bachelor education,Advanced,Multiple times a day,1,1,1,1,1,1,1,1,1,1,1,1,1,1,1,1,1,1,1,1,1,+AC0-1,1,1,1,1,I confirm,I confirm,I confirm,,Submit this form,+ACI-Click the +ACIAIg-Get started+ACIAIg- in the next survey once I finish my searches+ACI-,,26/08/2023 19:07:11,1,1,1,1,1,1,1,1,1,1,1,1,1,1,1,1,1,1,1,1,1,1,1,1,1,1
26/08/2023 19:14:28,I confirm,5d8cef3c28e183001a335ab0,No knowledge,Native speaker,Multiple times a day,1,+AC0-1,+AC0-1,+AC0-1,0,+AC0-1,1,1,+AC0-1,+AC0-1,1,+AC0-1,1,+AC0-1,0,0,1,+AC0-1,1,1,1,+AC0-1,0,+AC0-1,0,+AC0-1,I confirm,I confirm,I confirm,,Go to Semantic Chapter and try to find what you were asked before,+ACI-Click the +ACIAIg-Get started+ACIAIg- in the next survey once I finish my searches+ACI-,,26/08/2023 19:30:08,1,1,0,+AC0-1,1,0,1,0,1,1,+AC0-1,0,1,+AC0-1,1,1,1,1,1,1,1,0,+AC0-1,0,0,1
26/08/2023 19:14:45,I confirm,612376826a580ca0368bb19f,Bachelor education,Native speaker,Multiple times a day,1,1,1,+AC0-1,+AC0-1,0,+AC0-1,+AC0-1,1,+AC0-1,1,+AC0-1,1,1,+AC0-1,1,+AC0-1,+AC0-1,+AC0-1,1,1,+AC0-1,+AC0-1,+AC0-1,0,1,I confirm,I confirm,I confirm,,Go to Semantic Chapter and try to find what you were asked before,+ACI-Click the +ACIAIg-Get started+ACIAIg- in the next survey once I finish my searches+ACI-,,26/08/2023 19:58:44,1,+AC0-1,1,+AC0-1,0,0,+AC0-1,+AC0-1,1,+AC0-1,+AC0-1,+AC0-1,1,1,+AC0-1,+AC0-1,1,1,0,1,+AC0-1,+AC0-1,1,+AC0-1,0,1
26/08/2023 19:21:42,I confirm,63d40e1748df54e627f3022b,High+AC0-school level,Native speaker,Multiple times a day,1,+AC0-1,+AC0-1,+AC0-1,0,1,1,1,1,1,+AC0-1,+AC0-1,1,1,0,1,1,1,0,0,+AC0-1,1,+AC0-1,1,1,1,I confirm,I confirm,I confirm,,Go to Semantic Chapter and try to find what you were asked before,+ACI-Click the +ACIAIg-Get started+ACIAIg- in the next survey once I finish my searches+ACI-,,26/08/2023 19:39:56,1,1,1,0,0,0,1,1,1,1,1,1,1,1,0,1,1,1,0,1,1,0,1,0,0,1
26/08/2023 19:23:29,I confirm,5d7ebf9e93902b0001965912,High+AC0-school level,Native speaker,Multiple times a day,1,+AC0-1,+AC0-1,+AC0-1,+AC0-1,+AC0-1,+AC0-1,+AC0-1,+AC0-1,+AC0-1,+AC0-1,+AC0-1,+AC0-1,+AC0-1,+AC0-1,+AC0-1,1,+AC0-1,0,1,1,+AC0-1,+AC0-1,+AC0-1,0,+AC0-1,I confirm,I confirm,I confirm,,Go to Semantic Chapter and try to find what you were asked before,+ACI-Click the +ACIAIg-Get started+ACIAIg- in the next survey once I finish my searches+ACI-,,26/08/2023 19:59:34,1,+AC0-1,+AC0-1,0,0,0,+AC0-1,1,1,+AC0-1,+AC0-1,+AC0-1,+AC0-1,+AC0-1,+AC0-1,1,1,1,0,1,1,+AC0-1,+AC0-1,+AC0-1,0,+AC0-1
26/08/2023 19:23:41,I confirm,5b550c6e303c330001660747,High+AC0-school level,Advanced,Eveyday,1,+AC0-1,+AC0-1,+AC0-1,1,0,+AC0-1,1,+AC0-1,+AC0-1,+AC0-1,+AC0-1,+AC0-1,+AC0-1,+AC0-1,+AC0-1,1,+AC0-1,+AC0-1,+AC0-1,+AC0-1,+AC0-1,+AC0-1,0,+AC0-1,+AC0-1,I confirm,I confirm,I confirm,,Go to Semantic Chapter and try to find what you were asked before,+ACI-Click the +ACIAIg-Get started+ACIAIg- in the next survey once I finish my searches+ACI-,,26/08/2023 19:30:03,1,+AC0-1,+AC0-1,+AC0-1,+AC0-1,+AC0-1,+AC0-1,+AC0-1,+AC0-1,+AC0-1,+AC0-1,+AC0-1,+AC0-1,+AC0-1,+AC0-1,+AC0-1,1,+AC0-1,+AC0-1,+AC0-1,+AC0-1,+AC0-1,+AC0-1,0,+AC0-1,+AC0-1
26/08/2023 19:24:36,I confirm,5caa534a19731a00190bb935,No knowledge,Native speaker,Multiple times a day,1,+AC0-1,+AC0-1,+AC0-1,+AC0-1,+AC0-1,+AC0-1,+AC0-1,+AC0-1,+AC0-1,+AC0-1,+AC0-1,+AC0-1,+AC0-1,+AC0-1,+AC0-1,1,+AC0-1,+AC0-1,+AC0-1,1,+AC0-1,1,+AC0-1,1,+AC0-1,I confirm,I confirm,I confirm,,Go to Semantic Chapter and try to find what you were asked before,Submit this form,,26/08/2023 19:26:24,1,1,1,1,1,0,1,0,1,+AC0-1,+AC0-1,+AC0-1,+AC0-1,+AC0-1,+AC0-1,+AC0-1,1,+AC0-1,1,1,1,+AC0-1,1,+AC0-1,1,+AC0-1
26/08/2023 19:26:31,I confirm,644120c4d678865b3e87088a,Bachelor education,Native speaker,Multiple times a day,1,+AC0-1,+AC0-1,+AC0-1,+AC0-1,1,+AC0-1,+AC0-1,+AC0-1,+AC0-1,+AC0-1,+AC0-1,+AC0-1,+AC0-1,+AC0-1,+AC0-1,1,+AC0-1,1,1,1,+AC0-1,1,1,0,+AC0-1,I confirm,I confirm,I confirm,,Submit this form,+ACI-Click the +ACIAIg-Get started+ACIAIg- in the next survey once I finish my searches+ACI-,,26/08/2023 19:32:33,1,1,1,1,0,1,1,1,+AC0-1,+AC0-1,+AC0-1,+AC0-1,+AC0-1,+AC0-1,1,1,1,1,1,1,1,1,1,1,0,1
26/08/2023 19:33:14,I confirm,606b94352e103bc54d43321b,High+AC0-school level,Native speaker,Multiple times a day,0,+AC0-1,+AC0-1,+AC0-1,+AC0-1,+AC0-1,+AC0-1,+AC0-1,+AC0-1,+AC0-1,+AC0-1,+AC0-1,+AC0-1,+AC0-1,+AC0-1,1,1,+AC0-1,+AC0-1,1,1,+AC0-1,+AC0-1,0,0,+AC0-1,I confirm,I confirm,I confirm,,Go to Semantic Chapter and try to find what you were asked before,+ACI-Click the +ACIAIg-Get started+ACIAIg- in the next survey once I finish my searches+ACI-,,26/08/2023 19:50:12,0,+AC0-1,+AC0-1,+AC0-1,+AC0-1,+AC0-1,+AC0-1,+AC0-1,+AC0-1,+AC0-1,+AC0-1,+AC0-1,+AC0-1,+AC0-1,+AC0-1,+AC0-1,1,+AC0-1,0,1,1,+AC0-1,+AC0-1,0,0,+AC0-1
26/08/2023 19:34:58,I confirm,6161bdbff67e4b4621b530e7,No knowledge,Native speaker,Multiple times a day,1,+AC0-1,+AC0-1,+AC0-1,1,1,+AC0-1,1,+AC0-1,+AC0-1,+AC0-1,+AC0-1,+AC0-1,1,+AC0-1,+AC0-1,1,+AC0-1,1,1,1,+AC0-1,1,1,0,+AC0-1,I confirm,I confirm,I confirm,,+ACI-Click the +ACIAIg-Get started+ACIAIg- in the next survey once I finish my searches+ACI-,Submit this form,,26/08/2023 19:17:33,1,+AC0-1,+AC0-1,+AC0-1,1,1,+AC0-1,1,+AC0-1,+AC0-1,+AC0-1,+AC0-1,+AC0-1,1,+AC0-1,+AC0-1,1,+AC0-1,1,1,1,+AC0-1,1,1,0,1
26/08/2023 19:35:37,I confirm,60a8bd22d03adbe92cbb9a5e,High+AC0-school level,Native speaker,Multiple times a day,1,1,+AC0-1,0,0,1,+AC0-1,1,1,1,1,1,0,1,1,1,1,0,1,1,1,0,+AC0-1,1,1,0,I confirm,I confirm,I confirm,,Go to Semantic Chapter and try to find what you were asked before,+ACI-Click the +ACIAIg-Get started+ACIAIg- in the next survey once I finish my searches+ACI-,,26/08/2023 19:49:50,1,1,1,0,1,0,1,1,1,1,1,1,0,1,1,1,1,0,1,1,1,1,1,1,0,1
26/08/2023 19:53:48,I confirm,64835cdc41f91285bcbd2de1,Bachelor education,Advanced,Multiple times a day,1,1,1,0,1,0,0,1,1,0,1,1,1,1,0,0,1,+AC0-1,1,1,0,+AC0-1,1,1,0,1,I confirm,I confirm,I confirm,,+ACI-Click the +ACIAIg-Get started+ACIAIg- in the next survey once I finish my searches+ACI-,Submit this form,,26/08/2023 19:48:25,0,1,0,0,0,0,1,1,1,0,1,0,1,1,0,1,1,0,0,1,1,0,+AC0-1,0,0,1
26/08/2023 19:54:39,I confirm,5ed8cf4782a6eb04ddf9962d,High+AC0-school level,Advanced,Multiple times a day,1,+AC0-1,+AC0-1,+AC0-1,+AC0-1,1,1,1,+AC0-1,+AC0-1,+AC0-1,+AC0-1,+AC0-1,+AC0-1,+AC0-1,1,+AC0-1,+AC0-1,+AC0-1,1,+AC0-1,+AC0-1,+AC0-1,+AC0-1,0,+AC0-1,I confirm,I confirm,I confirm,,+ACI-Click the +ACIAIg-Get started+ACIAIg- in the next survey once I finish my searches+ACI-,Submit this form,,26/08/2023 20:11:21,0,+AC0-1,+AC0-1,+AC0-1,0,0,+AC0-1,+AC0-1,+AC0-1,+AC0-1,+AC0-1,+AC0-1,+AC0-1,+AC0-1,+AC0-1,+AC0-1,+AC0-1,+AC0-1,1,+AC0-1,0,+AC0-1,1,+AC0-1,0,1
26/08/2023 20:40:18,I confirm,5fdcad62eed16d2504b27f5a,Bachelor education,Advanced,Multiple times a day,0,1,1,0,0,0,1,1,1,1,+AC0-1,1,+AC0-1,1,1,1,+AC0-1,1,0,1,1,0,1,+AC0-1,0,1,I confirm,I confirm,I confirm,,Go to Semantic Chapter and try to find what you were asked before,+ACI-Click the +ACIAIg-Get started+ACIAIg- in the next survey once I finish my searches+ACI-,,26/08/2023 20:47:57,0,1,1,0,0,0,1,1,1,1,0,1,1,1,1,1,0,1,0,1,1,0,1,+AC0-1,0,1
26/08/2023 21:17:42,I confirm,5ee4b04ee62eb31ba2eaca75,High+AC0-school level,Native speaker,Multiple times a day,0,+AC0-1,+AC0-1,+AC0-1,+AC0-1,0,+AC0-1,+AC0-1,+AC0-1,+AC0-1,+AC0-1,+AC0-1,+AC0-1,0,+AC0-1,+AC0-1,0,+AC0-1,0,+AC0-1,1,1,+AC0-1,+AC0-1,0,+AC0-1,I confirm,I confirm,I confirm,,Go to Semantic Chapter and try to find what you were asked before,+ACI-Click the +ACIAIg-Get started+ACIAIg- in the next survey once I finish my searches+ACI-,,26/08/2023 21:33:28,0,0,1,0,0,0,+AC0-1,1,1,+AC0-1,1,1,0,1,1,1,1,0,0,1,1,0,1,0,0,1
26/08/2023 21:18:39,I confirm,5e02931e814bbae142609c02,No knowledge,Advanced,Multiple times a day,1,+AC0-1,+AC0-1,0,0,1,+AC0-1,1,+AC0-1,1,0,+AC0-1,1,1,0,1,1,+AC0-1,1,1,+AC0-1,+AC0-1,0,1,0,+AC0-1,I confirm,I confirm,I confirm,,Go to Semantic Chapter and try to find what you were asked before,+ACI-Click the +ACIAIg-Get started+ACIAIg- in the next survey once I finish my searches+ACI-,,26/08/2023 21:42:54,1,1,1,+AC0-1,1,0,+AC0-1,0,1,0,+AC0-1,+AC0-1,0,1,1,1,1,0,0,1,1,0,1,0,0,1
26/08/2023 21:20:09,I confirm,5e28cf07186d58000cf97456,No knowledge,Native speaker,Multiple times a day,+AC0-1,+AC0-1,+AC0-1,+AC0-1,+AC0-1,+AC0-1,+AC0-1,+AC0-1,+AC0-1,+AC0-1,+AC0-1,+AC0-1,+AC0-1,+AC0-1,+AC0-1,+AC0-1,+AC0-1,+AC0-1,1,1,1,+AC0-1,+AC0-1,+AC0-1,0,+AC0-1,I confirm,I confirm,I confirm,,Go to Semantic Chapter and try to find what you were asked before,+ACI-Click the +ACIAIg-Get started+ACIAIg- in the next survey once I finish my searches+ACI-,,26/08/2023 21:46:35,0,0,1,0,0,+AC0-1,1,+AC0-1,1,0,+AC0-1,+AC0-1,0,1,+AC0-1,+AC0-1,1,+AC0-1,0,1,1,+AC0-1,+AC0-1,1,0,+AC0-1
26/08/2023 21:22:46,I confirm,648efce535fa5867a7c4495f,No knowledge,Advanced,Multiple times a day,0,+AC0-1,+AC0-1,+AC0-1,+AC0-1,+AC0-1,+AC0-1,+AC0-1,+AC0-1,+AC0-1,+AC0-1,+AC0-1,+AC0-1,+AC0-1,+AC0-1,+AC0-1,0,+AC0-1,0,1,1,+AC0-1,+AC0-1,+AC0-1,0,+AC0-1,I confirm,I confirm,I confirm,,Go to Semantic Chapter and try to find what you were asked before,+ACI-Click the +ACIAIg-Get started+ACIAIg- in the next survey once I finish my searches+ACI-,,26/08/2023 21:41:35,0,1,1,+AC0-1,0,+AC0-1,+AC0-1,1,0,+AC0-1,+AC0-1,1,1,+AC0-1,+AC0-1,+AC0-1,+AC0-1,1,0,+AC0-1,+AC0-1,+AC0-1,1,+AC0-1,0,+AC0-1
26/08/2023 21:23:34,I confirm,610392e34a7b8ed05fe9ba56,High+AC0-school level,Native speaker,Multiple times a day,0,+AC0-1,+AC0-1,+AC0-1,+AC0-1,0,+AC0-1,1,+AC0-1,+AC0-1,+AC0-1,+AC0-1,+AC0-1,+AC0-1,+AC0-1,1,+AC0-1,+AC0-1,0,1,1,0,+AC0-1,+AC0-1,0,+AC0-1,I confirm,I confirm,I confirm,,Go to Semantic Chapter and try to find what you were asked before,+ACI-Click the +ACIAIg-Get started+ACIAIg- in the next survey once I finish my searches+ACI-,,26/08/2023 21:58:22,0,0,0,+AC0-1,0,0,+AC0-1,1,1,0,+AC0-1,1,1,+AC0-1,+AC0-1,1,+AC0-1,1,0,1,1,0,1,0,0,1
26/08/2023 21:23:37,I confirm,5ee1272794a7b01487d0d906,No knowledge,Advanced,Eveyday,1,+AC0-1,+AC0-1,+AC0-1,+AC0-1,1,+AC0-1,+AC0-1,+AC0-1,+AC0-1,1,+AC0-1,+AC0-1,1,+AC0-1,+AC0-1,1,+AC0-1,1,1,+AC0-1,+AC0-1,1,+AC0-1,0,+AC0-1,I confirm,I confirm,I confirm,,Go to Semantic Chapter and try to find what you were asked before,+ACI-Click the +ACIAIg-Get started+ACIAIg- in the next survey once I finish my searches+ACI-,,26/08/2023 21:32:42,0,+AC0-1,+AC0-1,+AC0-1,+AC0-1,1,+AC0-1,+AC0-1,+AC0-1,+AC0-1,1,+AC0-1,+AC0-1,1,+AC0-1,1,1,+AC0-1,1,1,1,+AC0-1,1,1,0,+AC0-1
26/08/2023 21:30:05,I confirm,5c3ee593de04ad0001d91352,High+AC0-school level,Native speaker,Multiple times a day,0,+AC0-1,+AC0-1,+AC0-1,+AC0-1,+AC0-1,+AC0-1,+AC0-1,+AC0-1,+AC0-1,+AC0-1,+AC0-1,+AC0-1,+AC0-1,+AC0-1,+AC0-1,1,+AC0-1,0,+AC0-1,+AC0-1,+AC0-1,+AC0-1,1,+AC0-1,+AC0-1,I confirm,I confirm,I confirm,,+ACI-Click the +ACIAIg-Get started+ACIAIg- in the next survey once I finish my searches+ACI-,Submit this form,,26/08/2023 21:33:05,+AC0-1,+AC0-1,+AC0-1,+AC0-1,+AC0-1,+AC0-1,+AC0-1,+AC0-1,+AC0-1,+AC0-1,+AC0-1,+AC0-1,+AC0-1,+AC0-1,+AC0-1,+AC0-1,1,+AC0-1,0,+AC0-1,+AC0-1,+AC0-1,+AC0-1,+AC0-1,+AC0-1,+AC0-1
26/08/2023 21:33:46,I confirm,55da1c4669dbc30010b67569,No knowledge,Native speaker,Multiple times a day,1,+AC0-1,+AC0-1,+AC0-1,+AC0-1,+AC0-1,+AC0-1,+AC0-1,+AC0-1,+AC0-1,+AC0-1,+AC0-1,+AC0-1,+AC0-1,+AC0-1,+AC0-1,1,+AC0-1,+AC0-1,+AC0-1,1,+AC0-1,+AC0-1,+AC0-1,0,+AC0-1,I confirm,I confirm,I confirm,,Go to Semantic Chapter and try to find what you were asked before,+ACI-Click the +ACIAIg-Get started+ACIAIg- in the next survey once I finish my searches+ACI-,,26/08/2023 21:33:12,1,+AC0-1,+AC0-1,+AC0-1,+AC0-1,+AC0-1,+AC0-1,+AC0-1,+AC0-1,+AC0-1,+AC0-1,+AC0-1,+AC0-1,1,+AC0-1,+AC0-1,+AC0-1,+AC0-1,+AC0-1,+AC0-1,1,+AC0-1,+AC0-1,1,0,+AC0-1
26/08/2023 22:26:24,I confirm,647985db31c9c45669d8b50f,No knowledge,Advanced,Multiple times a day,1,+AC0-1,+AC0-1,+AC0-1,+AC0-1,1,+AC0-1,1,+AC0-1,+AC0-1,+AC0-1,+AC0-1,+AC0-1,+AC0-1,+AC0-1,+AC0-1,0,+AC0-1,1,1,1,+AC0-1,1,1,+AC0-1,+AC0-1,I confirm,I confirm,I confirm,,Go to Semantic Chapter and try to find what you were asked before,+ACI-Click the +ACIAIg-Get started+ACIAIg- in the next survey once I finish my searches+ACI-,,26/08/2023 22:46:41,1,1,1,0,0,0,1,1,1,1,1,0,1,1,1,1,1,1,0,1,1,0,+AC0-1,0,0,1
26/08/2023 22:53:41,I confirm,602a2911a73ba046955f6c58,No knowledge,Native speaker,Multiple times a day,1,+AC0-1,+AC0-1,+AC0-1,+AC0-1,+AC0-1,+AC0-1,+AC0-1,+AC0-1,+AC0-1,+AC0-1,+AC0-1,+AC0-1,+AC0-1,+AC0-1,+AC0-1,1,+AC0-1,1,1,1,+AC0-1,1,+AC0-1,1,+AC0-1,I confirm,I confirm,I confirm,,Go to Semantic Chapter and try to find what you were asked before,+ACI-Click the +ACIAIg-Get started+ACIAIg- in the next survey once I finish my searches+ACI-,,26/08/2023 23:23:28,1,1,1,0,1,0,1,1,1,1,1,1,1,1,+AC0-1,1,1,1,1,1,1,1,1,0,1,1
26/08/2023 23:13:24,I confirm,5e3b5fa9255e7a37bc841135,No knowledge,Advanced,Multiple times a day,0,+AC0-1,+AC0-1,+AC0-1,+AC0-1,+AC0-1,+AC0-1,+AC0-1,+AC0-1,+AC0-1,1,+AC0-1,1,1,+AC0-1,+AC0-1,1,+AC0-1,1,1,1,+AC0-1,+AC0-1,1,0,+AC0-1,I confirm,I confirm,I confirm,,Go to Semantic Chapter and try to find what you were asked before,+ACI-Click the +ACIAIg-Get started+ACIAIg- in the next survey once I finish my searches+ACI-,,26/08/2023 23:45:23,0,0,1,0,+AC0-1,0,+AC0-1,1,1,0,+AC0-1,1,1,1,+AC0-1,+AC0-1,1,1,0,1,1,+AC0-1,+AC0-1,+AC0-1,0,+AC0-1
26/08/2023 23:16:03,I confirm,5fbc18d75845f309a94d9141,No knowledge,Native speaker,Multiple times a day,1,+AC0-1,+AC0-1,+AC0-1,+AC0-1,+AC0-1,+AC0-1,+AC0-1,+AC0-1,+AC0-1,+AC0-1,+AC0-1,+AC0-1,+AC0-1,+AC0-1,+AC0-1,+AC0-1,+AC0-1,0,1,1,+AC0-1,+AC0-1,+AC0-1,0,+AC0-1,I confirm,I confirm,I confirm,,Go to Semantic Chapter and try to find what you were asked before,+ACI-Click the +ACIAIg-Get started+ACIAIg- in the next survey once I finish my searches+ACI-,5fbc18d75845f309a94d9141,26/08/2023 23:23:24,1,1,1,1,0,1,1,1,1,1,1,1,1,1,1,1,1,1,+AC0-1,1,1,0,1,1,0,1
26/08/2023 23:17:09,I confirm,64d515d924bf21317905ee7c,High+AC0-school level,Native speaker,Multiple times a day,0,+AC0-1,1,1,0,1,1,0,1,1,0,0,0,0,0,1,0,1,1,1,1,+AC0-1,0,1,0,1,I confirm,I confirm,I confirm,,+ACI-Click the +ACIAIg-Get started+ACIAIg- in the next survey once I finish my searches+ACI-,Submit this form,,26/08/2023 23:16:20,0,1,1,0,+AC0-1,1,1,1,1,1,1,1,1,0,0,1,1,1,1,0,1,0,0,0,0,1
26/08/2023 23:17:33,I confirm,647922d23b058e3c3bf8a974,Bachelor education,Advanced,Eveyday,1,+AC0-1,+AC0-1,+AC0-1,1,1,1,1,+AC0-1,+AC0-1,0,+AC0-1,1,1,+AC0-1,1,1,+AC0-1,1,0,0,+AC0-1,+AC0-1,1,1,1,I confirm,I confirm,I confirm,,Go to Semantic Chapter and try to find what you were asked before,+ACI-Click the +ACIAIg-Get started+ACIAIg- in the next survey once I finish my searches+ACI-,,26/08/2023 23:27:10,0,1,1,0,0,0,1,1,1,1,1,1,1,1,0,1,1,1,0,1,1,0,+AC0-1,0,0,1
26/08/2023 23:18:26,I confirm,60aad516e34718d318bfb44d,No knowledge,Native speaker,Eveyday,1,+AC0-1,+AC0-1,+AC0-1,+AC0-1,1,+AC0-1,1,+AC0-1,+AC0-1,+AC0-1,1,+AC0-1,+AC0-1,0,1,1,+AC0-1,1,1,1,+AC0-1,+AC0-1,+AC0-1,0,+AC0-1,I confirm,I confirm,I confirm,,Go to Semantic Chapter and try to find what you were asked before,+ACI-Click the +ACIAIg-Get started+ACIAIg- in the next survey once I finish my searches+ACI-,60aad516e34718d318bfb44d,27/08/2023 00:03:13,0,1,1,0,0,0,1,1,1,1,1,+AC0-1,0,1,+AC0-1,1,0,1,1,1,1,0,+AC0-1,1,0,1
26/08/2023 23:20:08,I confirm,5b985404a15058000124e508,No knowledge,Native speaker,Multiple times a day,1,+AC0-1,1,1,+AC0-1,1,1,1,1,1,+AC0-1,1,+AC0-1,+AC0-1,+AC0-1,+AC0-1,+AC0-1,1,+AC0-1,1,1,1,+AC0-1,1,+AC0-1,+AC0-1,I confirm,I confirm,I confirm,,+ACI-Click the +ACIAIg-Get started+ACIAIg- in the next survey once I finish my searches+ACI-,Submit this form,,26/08/2023 23:31:16,0,1,1,+AC0-1,0,1,1,1,1,1,+AC0-1,1,+AC0-1,1,1,+AC0-1,1,1,1,0,1,0,1,1,0,1
26/08/2023 23:20:10,I confirm,606b84e11527ce2103add0a5,No knowledge,Advanced,Multiple times a day,0,+AC0-1,+AC0-1,+AC0-1,+AC0-1,+AC0-1,+AC0-1,+AC0-1,+AC0-1,+AC0-1,+AC0-1,+AC0-1,+AC0-1,+AC0-1,+AC0-1,+AC0-1,+AC0-1,+AC0-1,+AC0-1,1,+AC0-1,+AC0-1,+AC0-1,+AC0-1,+AC0-1,+AC0-1,I confirm,I confirm,I confirm,,Submit this form,+ACI-Click the +ACIAIg-Get started+ACIAIg- in the next survey once I finish my searches+ACI-,,27/08/2023 00:09:01,0,1,1,0,0,0,1,0,1,0,1,+AC0-1,+AC0-1,1,+AC0-1,+AC0-1,+AC0-1,+AC0-1,0,1,0,0,+AC0-1,1,0,1
26/08/2023 23:20:35,I confirm,5ebe594f3f003c021b956954,High+AC0-school level,Advanced,Multiple times a day,0,+AC0-1,+AC0-1,+AC0-1,1,1,1,0,1,1,0,+AC0-1,+AC0-1,1,+AC0-1,1,1,1,1,1,0,0,+AC0-1,1,1,1,I confirm,I confirm,I confirm,,Go to Semantic Chapter and try to find what you were asked before,+ACI-Click the +ACIAIg-Get started+ACIAIg- in the next survey once I finish my searches+ACI-,,26/08/2023 23:38:15,0,0,1,+AC0-1,0,0,1,1,+AC0-1,+AC0-1,0,+AC0-1,0,1,0,1,1,1,1,0,0,0,1,0,1,1
26/08/2023 23:21:11,I confirm,6384d04cb538223de71820f6,No knowledge,Native speaker,Multiple times a day,+AC0-1,+AC0-1,+AC0-1,+AC0-1,+AC0-1,+AC0-1,+AC0-1,+AC0-1,+AC0-1,+AC0-1,+AC0-1,+AC0-1,+AC0-1,+AC0-1,+AC0-1,+AC0-1,+AC0-1,+AC0-1,+AC0-1,1,1,+AC0-1,+AC0-1,1,0,+AC0-1,I confirm,I confirm,I confirm,,Go to Semantic Chapter and try to find what you were asked before,+ACI-Click the +ACIAIg-Get started+ACIAIg- in the next survey once I finish my searches+ACI-,,26/08/2023 23:36:41,0,+AC0-1,1,+AC0-1,0,1,+AC0-1,1,+AC0-1,+AC0-1,+AC0-1,+AC0-1,+AC0-1,+AC0-1,+AC0-1,+AC0-1,1,+AC0-1,1,1,1,+AC0-1,0,0,0,1
26/08/2023 23:22:09,I confirm,58d7ab1b31506e0001447859,No knowledge,Native speaker,Multiple times a day,1,+AC0-1,+AC0-1,+AC0-1,+AC0-1,+AC0-1,+AC0-1,+AC0-1,+AC0-1,+AC0-1,+AC0-1,+AC0-1,+AC0-1,+AC0-1,+AC0-1,+AC0-1,1,+AC0-1,0,+AC0-1,+AC0-1,+AC0-1,+AC0-1,+AC0-1,+AC0-1,+AC0-1,I confirm,I confirm,I confirm,,Go to Semantic Chapter and try to find what you were asked before,+ACI-Click the +ACIAIg-Get started+ACIAIg- in the next survey once I finish my searches+ACI-,,26/08/2023 23:32:12,1,1,1,1,1,+AC0-1,1,1,+AC0-1,+AC0-1,+AC0-1,+AC0-1,1,+AC0-1,1,1,1,+AC0-1,0,1,1,+AC0-1,+AC0-1,1,+AC0-1,+AC0-1
26/08/2023 23:23:22,I confirm,5e96185ae3d45508abe19a36,No knowledge,Native speaker,Multiple times a day,1,+AC0-1,+AC0-1,+AC0-1,+AC0-1,+AC0-1,+AC0-1,+AC0-1,+AC0-1,+AC0-1,+AC0-1,+AC0-1,+AC0-1,+AC0-1,+AC0-1,+AC0-1,1,+AC0-1,+AC0-1,+AC0-1,1,+AC0-1,1,+AC0-1,+AC0-1,+AC0-1,I confirm,I confirm,I confirm,,Go to Semantic Chapter and try to find what you were asked before,+ACI-Click the +ACIAIg-Get started+ACIAIg- in the next survey once I finish my searches+ACI-,,26/08/2023 23:43:45,1,+AC0-1,+AC0-1,+AC0-1,+AC0-1,+AC0-1,+AC0-1,+AC0-1,+AC0-1,+AC0-1,+AC0-1,+AC0-1,+AC0-1,+AC0-1,+AC0-1,+AC0-1,1,+AC0-1,1,1,1,+AC0-1,1,+AC0-1,+AC0-1,+AC0-1
26/08/2023 23:25:15,I confirm,5f217f528ba46c08032a1c42,High+AC0-school level,Advanced,Multiple times a day,1,1,1,+AC0-1,+AC0-1,0,1,+AC0-1,1,1,+AC0-1,+AC0-1,+AC0-1,1,+AC0-1,+AC0-1,1,+AC0-1,0,+AC0-1,1,+AC0-1,1,+AC0-1,0,0,I confirm,I confirm,I confirm,,Go to Semantic Chapter and try to find what you were asked before,+ACI-Click the +ACIAIg-Get started+ACIAIg- in the next survey once I finish my searches+ACI-,,26/08/2023 23:37:06,0,1,1,0,1,0,1,1,1,1,1,1,1,1,0,1,1,1,0,1,1,0,1,1,0,1
26/08/2023 23:26:43,I confirm,5da03c3607c83700140a3d8f,High+AC0-school level,Advanced,Multiple times a day,0,+AC0-1,+AC0-1,+AC0-1,+AC0-1,1,+AC0-1,1,+AC0-1,+AC0-1,+AC0-1,+AC0-1,+AC0-1,1,+AC0-1,+AC0-1,1,+AC0-1,0,1,1,+AC0-1,1,1,0,1,I confirm,I confirm,I confirm,,Go to Semantic Chapter and try to find what you were asked before,+ACI-Click the +ACIAIg-Get started+ACIAIg- in the next survey once I finish my searches+ACI-,,26/08/2023 23:36:38,0,+AC0-1,+AC0-1,+AC0-1,0,1,+AC0-1,1,1,1,+AC0-1,+AC0-1,+AC0-1,1,+AC0-1,+AC0-1,1,+AC0-1,0,1,1,+AC0-1,1,1,0,1
26/08/2023 23:27:46,I confirm,647b906892173516daadcced,Bachelor education,Native speaker,Multiple times a day,1,1,1,1,1,1,1,1,1,1,1,1,+AC0-1,1,1,1,1,1,1,1,1,1,1,+AC0-1,0,1,I confirm,I confirm,I confirm,,Go to Semantic Chapter and try to find what you were asked before,+ACI-Click the +ACIAIg-Get started+ACIAIg- in the next survey once I finish my searches+ACI-,,26/08/2023 23:35:17,1,1,1,1,1,1,1,1,1,1,1,1,1,1,1,1,1,1,1,1,1,1,1,1,0,1
26/08/2023 23:28:03,I confirm,5e1ae38b2d11243260af4066,No knowledge,Native speaker,Multiple times a day,1,+AC0-1,+AC0-1,+AC0-1,+AC0-1,+AC0-1,+AC0-1,+AC0-1,+AC0-1,+AC0-1,+AC0-1,+AC0-1,+AC0-1,+AC0-1,+AC0-1,+AC0-1,1,+AC0-1,0,1,1,+AC0-1,+AC0-1,+AC0-1,1,+AC0-1,I confirm,I confirm,I confirm,,Go to Semantic Chapter and try to find what you were asked before,+ACI-Click the +ACIAIg-Get started+ACIAIg- in the next survey once I finish my searches+ACI-,,26/08/2023 23:40:09,1,1,1,0,0,1,1,1,1,1,1,0,1,1,0,1,1,1,0,1,1,0,+AC0-1,+AC0-1,1,+AC0-1
26/08/2023 23:28:44,I confirm,6118df266b78994443b54644,High+AC0-school level,Advanced,Multiple times a day,1,+AC0-1,+AC0-1,+AC0-1,+AC0-1,1,+AC0-1,+AC0-1,+AC0-1,+AC0-1,+AC0-1,+AC0-1,+AC0-1,+AC0-1,+AC0-1,+AC0-1,1,+AC0-1,+AC0-1,1,1,+AC0-1,+AC0-1,+AC0-1,1,+AC0-1,I confirm,I confirm,I confirm,,Go to Semantic Chapter and try to find what you were asked before,+ACI-Click the +ACIAIg-Get started+ACIAIg- in the next survey once I finish my searches+ACI-,,26/08/2023 23:51:17,1,1,1,0,0,1,1,1,1,1,1,1,1,1,1,1,1,1,1,1,1,1,1,1,1,1
26/08/2023 23:28:49,I confirm,5f21a031b4127d0d141bf454,High+AC0-school level,Advanced,Multiple times a day,1,+AC0-1,+AC0-1,+AC0-1,+AC0-1,1,1,1,1,+AC0-1,+AC0-1,+AC0-1,+AC0-1,1,1,1,1,+AC0-1,0,1,1,1,+AC0-1,0,0,+AC0-1,I confirm,I confirm,I confirm,,Go to Semantic Chapter and try to find what you were asked before,+ACI-Click the +ACIAIg-Get started+ACIAIg- in the next survey once I finish my searches+ACI-,,26/08/2023 23:42:39,1,0,1,1,0,1,1,1,1,0,1,+AC0-1,1,1,0,1,1,1,0,1,1,1,0,0,0,1
26/08/2023 23:31:01,I confirm,62dc177e02f82aabb20aebc2,High+AC0-school level,Native speaker,Multiple times a day,1,+AC0-1,+AC0-1,+AC0-1,+AC0-1,+AC0-1,+AC0-1,+AC0-1,+AC0-1,+AC0-1,1,+AC0-1,+AC0-1,+AC0-1,+AC0-1,+AC0-1,1,+AC0-1,0,1,1,+AC0-1,+AC0-1,1,0,+AC0-1,I confirm,I confirm,I confirm,,Go to Semantic Chapter and try to find what you were asked before,+ACI-Click the +ACIAIg-Get started+ACIAIg- in the next survey once I finish my searches+ACI-,62dc177e02f82aabb20aebc2,26/08/2023 23:45:39,1,+AC0-1,+AC0-1,+AC0-1,+AC0-1,+AC0-1,+AC0-1,+AC0-1,1,+AC0-1,1,+AC0-1,+AC0-1,+AC0-1,+AC0-1,+AC0-1,1,+AC0-1,0,1,1,+AC0-1,+AC0-1,1,0,+AC0-1
26/08/2023 23:32:13,I confirm,5f58d7941af44708223b94da,High+AC0-school level,Native speaker,Multiple times a day,1,+AC0-1,+AC0-1,+AC0-1,+AC0-1,+AC0-1,+AC0-1,+AC0-1,+AC0-1,+AC0-1,1,+AC0-1,+AC0-1,+AC0-1,+AC0-1,+AC0-1,1,+AC0-1,+AC0-1,1,1,+AC0-1,0,1,+AC0-1,1,I confirm,I confirm,I confirm,,+ACI-Click the +ACIAIg-Get started+ACIAIg- in the next survey once I finish my searches+ACI-,Submit this form,,26/08/2023 23:34:48,1,+AC0-1,+AC0-1,+AC0-1,1,+AC0-1,+AC0-1,1,+AC0-1,+AC0-1,1,+AC0-1,+AC0-1,+AC0-1,+AC0-1,+AC0-1,1,+AC0-1,1,1,+AC0-1,+AC0-1,+AC0-1,1,+AC0-1,+AC0-1
26/08/2023 23:37:46,I confirm,614f7300717876eb9b5601b0,Bachelor education,Native speaker,Multiple times a day,0,0,1,0,1,0,1,1,1,0,1,0,0,1,0,1,1,0,0,1,1,0,0,0,0,1,I confirm,I confirm,I confirm,,Go to Semantic Chapter and try to find what you were asked before,+ACI-Click the +ACIAIg-Get started+ACIAIg- in the next survey once I finish my searches+ACI-,,26/08/2023 23:45:33,0,0,1,0,1,0,1,1,1,0,1,0,0,1,0,1,1,0,0,1,1,0,0,0,0,1
26/08/2023 23:42:38,I confirm,60f56f0103876eae7c0d870f,Bachelor education,Native speaker,Multiple times a day,0,1,1,0,0,0,1,1,1,0,1,1,1,1,0,1,1,1,0,1,1,0,1,0,0,1,I confirm,I confirm,I confirm,,Go to Semantic Chapter and try to find what you were asked before,+ACI-Click the +ACIAIg-Get started+ACIAIg- in the next survey once I finish my searches+ACI-,,27/08/2023 00:00:04,0,1,1,0,0,0,1,1,1,0,1,1,1,1,0,1,1,1,0,1,1,0,1,0,0,1
26/08/2023 23:42:55,I confirm,55a29d4dfdf99b602e6b069b,No knowledge,Native speaker,Multiple times a day,0,+AC0-1,+AC0-1,+AC0-1,+AC0-1,+AC0-1,+AC0-1,+AC0-1,+AC0-1,+AC0-1,+AC0-1,+AC0-1,+AC0-1,+AC0-1,+AC0-1,+AC0-1,1,+AC0-1,1,+AC0-1,1,+AC0-1,+AC0-1,+AC0-1,0,+AC0-1,I confirm,I confirm,I confirm,,Go to Semantic Chapter and try to find what you were asked before,+ACI-Click the +ACIAIg-Get started+ACIAIg- in the next survey once I finish my searches+ACI-,,27/08/2023 00:10:05,0,+AC0-1,+AC0-1,+AC0-1,+AC0-1,+AC0-1,+AC0-1,+AC0-1,+AC0-1,1,+AC0-1,1,+AC0-1,+AC0-1,+AC0-1,1,1,+AC0-1,1,+AC0-1,1,+AC0-1,+AC0-1,+AC0-1,0,+AC0-1
26/08/2023 23:44:30,I confirm,638af58823dc0ec4b64d0d34,Bachelor education,Native speaker,Multiple times a day,1,1,1,1,1,1,1,1,+AC0-1,+AC0-1,1,1,1,1,1,1,0,+AC0-1,+AC0-1,1,1,+AC0-1,1,1,0,1,I confirm,I confirm,I confirm,,Go to Semantic Chapter and try to find what you were asked before,+ACI-Click the +ACIAIg-Get started+ACIAIg- in the next survey once I finish my searches+ACI-,,26/08/2023 23:55:36,1,1,1,1,1,1,1,1,+AC0-1,+AC0-1,+AC0-1,+AC0-1,+AC0-1,1,1,1,0,+AC0-1,+AC0-1,1,1,1,1,1,0,+AC0-1
26/08/2023 23:45:41,I confirm,5e6ce118673e50000c303890,No knowledge,Native speaker,Multiple times a day,1,+AC0-1,+AC0-1,+AC0-1,+AC0-1,+AC0-1,+AC0-1,+AC0-1,+AC0-1,+AC0-1,+AC0-1,+AC0-1,+AC0-1,+AC0-1,+AC0-1,+AC0-1,1,+AC0-1,1,1,1,+AC0-1,+AC0-1,1,0,+AC0-1,I confirm,I confirm,I confirm,,Go to Semantic Chapter and try to find what you were asked before,+ACI-Click the +ACIAIg-Get started+ACIAIg- in the next survey once I finish my searches+ACI-,,26/08/2023 23:53:05,1,+AC0-1,+AC0-1,+AC0-1,+AC0-1,+AC0-1,+AC0-1,+AC0-1,+AC0-1,+AC0-1,+AC0-1,+AC0-1,+AC0-1,+AC0-1,+AC0-1,+AC0-1,+AC0-1,+AC0-1,+AC0-1,1,1,+AC0-1,1,1,1,+AC0-1
26/08/2023 23:47:36,I confirm,5edad7d6f848291823c5f99c,High+AC0-school level,Mid or low level,Multiple times a day,1,+AC0-1,1,+AC0-1,1,+AC0-1,+AC0-1,1,+AC0-1,+AC0-1,0,+AC0-1,+AC0-1,+AC0-1,+AC0-1,+AC0-1,1,+AC0-1,1,1,+AC0-1,0,1,0,0,+AC0-1,I confirm,I confirm,I confirm,,Go to Semantic Chapter and try to find what you were asked before,+ACI-Click the +ACIAIg-Get started+ACIAIg- in the next survey once I finish my searches+ACI-,,27/08/2023 00:19:06,1,0,1,0,+AC0-1,0,1,1,+AC0-1,0,0,+AC0-1,1,+AC0-1,1,1,1,+AC0-1,1,1,1,1,1,0,0,1
26/08/2023 23:49:05,I confirm,614f89a9441723072040d4de,High+AC0-school level,Native speaker,Eveyday,0,1,1,+AC0-1,+AC0-1,0,0,+AC0-1,+AC0-1,+AC0-1,1,+AC0-1,1,0,+AC0-1,1,1,0,0,1,1,0,+AC0-1,0,0,1,I confirm,I confirm,I confirm,,+ACI-Click the +ACIAIg-Get started+ACIAIg- in the next survey once I finish my searches+ACI-,Submit this form,,26/08/2023 23:47:49,0,1,1,1,0,0,1,1,1,0,1,0,0,0,1,1,1,0,0,1,1,1,1,0,0,1
26/08/2023 23:50:23,I confirm,58ae37d8e6afe00001d36ac9,High+AC0-school level,Native speaker,Multiple times a day,1,+AC0-1,+AC0-1,+AC0-1,+AC0-1,+AC0-1,+AC0-1,+AC0-1,+AC0-1,+AC0-1,+AC0-1,+AC0-1,+AC0-1,1,+AC0-1,1,+AC0-1,+AC0-1,0,1,1,1,+AC0-1,0,0,+AC0-1,I confirm,I confirm,I confirm,,Go to Semantic Chapter and try to find what you were asked before,+ACI-Click the +ACIAIg-Get started+ACIAIg- in the next survey once I finish my searches+ACI-,,27/08/2023 00:29:11,1,0,1,0,0,0,1,1,0,1,+AC0-1,1,+AC0-1,1,+AC0-1,1,1,0,0,0,1,0,1,1,0,1
26/08/2023 23:54:28,I confirm,56875435369319000c26947d,No knowledge,Native speaker,Multiple times a day,1,+AC0-1,+AC0-1,+AC0-1,+AC0-1,+AC0-1,+AC0-1,+AC0-1,+AC0-1,+AC0-1,+AC0-1,+AC0-1,+AC0-1,1,+AC0-1,+AC0-1,1,+AC0-1,+AC0-1,+AC0-1,+AC0-1,+AC0-1,1,+AC0-1,1,+AC0-1,I confirm,I confirm,I confirm,,+ACI-Click the +ACIAIg-Get started+ACIAIg- in the next survey once I finish my searches+ACI-,Submit this form,,27/08/2023 00:07:28,1,1,1,1,0,1,1,1,1,1,1,1,1,1,1,1,1,1,1,1,1,1,1,1,1,1
26/08/2023 23:55:04,I confirm,5c635a08e30ff200016badb9,No knowledge,Native speaker,Multiple times a day,1,+AC0-1,+AC0-1,+AC0-1,+AC0-1,1,+AC0-1,+AC0-1,+AC0-1,+AC0-1,+AC0-1,+AC0-1,+AC0-1,0,+AC0-1,+AC0-1,1,+AC0-1,1,1,1,+AC0-1,1,0,0,+AC0-1,I confirm,I confirm,I confirm,,Go to Semantic Chapter and try to find what you were asked before,+ACI-Click the +ACIAIg-Get started+ACIAIg- in the next survey once I finish my searches+ACI-,,27/08/2023 00:23:53,0,0,1,+AC0-1,1,1,+AC0-1,1,+AC0-1,+AC0-1,+AC0-1,+AC0-1,+AC0-1,1,+AC0-1,+AC0-1,1,+AC0-1,0,1,1,+AC0-1,+AC0-1,1,0,+AC0-1
26/08/2023 23:55:39,I confirm,6480bdf6d433e2e158870605,No knowledge,Native speaker,Multiple times a day,+AC0-1,+AC0-1,+AC0-1,+AC0-1,+AC0-1,+AC0-1,+AC0-1,+AC0-1,+AC0-1,+AC0-1,+AC0-1,+AC0-1,+AC0-1,+AC0-1,+AC0-1,+AC0-1,+AC0-1,+AC0-1,0,1,1,+AC0-1,1,0,0,+AC0-1,I confirm,I confirm,I confirm,,+ACI-Click the +ACIAIg-Get started+ACIAIg- in the next survey once I finish my searches+ACI-,Submit this form,,27/08/2023 00:13:49,0,0,1,+AC0-1,0,0,1,0,1,1,1,+AC0-1,1,1,0,1,1,1,0,1,1,1,0,0,0,1
26/08/2023 23:57:56,I confirm,5d7fd2a5987f70001602d95b,High+AC0-school level,Native speaker,Multiple times a day,1,+AC0-1,+AC0-1,+AC0-1,+AC0-1,+AC0-1,+AC0-1,+AC0-1,+AC0-1,+AC0-1,+AC0-1,+AC0-1,+AC0-1,+AC0-1,+AC0-1,1,1,+AC0-1,0,1,1,+AC0-1,1,+AC0-1,0,+AC0-1,I confirm,I confirm,I confirm,,Go to Semantic Chapter and try to find what you were asked before,+ACI-Click the +ACIAIg-Get started+ACIAIg- in the next survey once I finish my searches+ACI-,,26/08/2023 23:58:09,1,1,1,1,1,0,1,1,1,0,1,1,1,1,0,1,1,1,0,+AC0-1,1,0,1,0,0,1
26/08/2023 23:59:39,I confirm,5e904f36cc3d6c355bbf48fa,No knowledge,Native speaker,Multiple times a day,0,+AC0-1,+AC0-1,+AC0-1,+AC0-1,+AC0-1,+AC0-1,+AC0-1,+AC0-1,+AC0-1,+AC0-1,+AC0-1,+AC0-1,+AC0-1,+AC0-1,+AC0-1,+AC0-1,+AC0-1,0,+AC0-1,0,+AC0-1,+AC0-1,+AC0-1,0,+AC0-1,I confirm,I confirm,I confirm,,Go to Semantic Chapter and try to find what you were asked before,+ACI-Click the +ACIAIg-Get started+ACIAIg- in the next survey once I finish my searches+ACI-,,27/08/2023 00:07:56,0,+AC0-1,+AC0-1,+AC0-1,0,0,+AC0-1,1,+AC0-1,+AC0-1,+AC0-1,1,+AC0-1,+AC0-1,+AC0-1,+AC0-1,+AC0-1,0,0,+AC0-1,0,+AC0-1,+AC0-1,+AC0-1,0,+AC0-1
26/08/2023 23:59:56,I confirm,639b9b047b98a3d09a77a6c6,High+AC0-school level,Native speaker,Multiple times a day,1,+AC0-1,+AC0-1,+AC0-1,1,+AC0-1,+AC0-1,+AC0-1,+AC0-1,+AC0-1,+AC0-1,+AC0-1,+AC0-1,+AC0-1,+AC0-1,+AC0-1,1,+AC0-1,0,+AC0-1,+AC0-1,+AC0-1,+AC0-1,0,0,+AC0-1,I confirm,I confirm,I confirm,,Go to Semantic Chapter and try to find what you were asked before,+ACI-Click the +ACIAIg-Get started+ACIAIg- in the next survey once I finish my searches+ACI-,,27/08/2023 00:04:43,0,1,1,0,1,1,1,1,1,0,1,1,0,1,0,1,1,1,0,1,1,0,+AC0-1,0,0,1
27/08/2023 00:01:02,I confirm,62bdaaff9b21da334ba37093,No knowledge,Native speaker,Multiple times a day,1,+AC0-1,+AC0-1,+AC0-1,+AC0-1,+AC0-1,+AC0-1,+AC0-1,+AC0-1,+AC0-1,+AC0-1,+AC0-1,+AC0-1,1,+AC0-1,+AC0-1,1,+AC0-1,1,+AC0-1,1,1,+AC0-1,+AC0-1,+AC0-1,+AC0-1,I confirm,I confirm,I confirm,,Go to Semantic Chapter and try to find what you were asked before,+ACI-Click the +ACIAIg-Get started+ACIAIg- in the next survey once I finish my searches+ACI-,,27/08/2023 00:09:24,0,1,1,0,0,0,1,1,1,1,1,1,1,1,1,1,1,1,1,1,1,1,1,1,0,1
27/08/2023 00:03:23,I confirm,61460774cd76a617bac99bb2,Bachelor education,Advanced,Multiple times a day,1,1,1,1,1,1,1,1,1,1,1,1,1,1,1,1,1,1,1,1,1,1,1,1,1,1,I confirm,I confirm,I confirm,,Submit this form,+ACI-Click the +ACIAIg-Get started+ACIAIg- in the next survey once I finish my searches+ACI-,,27/08/2023 00:07:14,1,1,1,1,1,1,1,1,1,1,1,1,1,1,1,1,1,1,1,1,1,1,1,1,1,1
27/08/2023 00:10:07,I confirm,60d64ec5cf4d757686ac4f14,High+AC0-school level,Native speaker,Multiple times a day,1,+AC0-1,+AC0-1,+AC0-1,+AC0-1,+AC0-1,+AC0-1,+AC0-1,+AC0-1,+AC0-1,+AC0-1,+AC0-1,+AC0-1,1,+AC0-1,+AC0-1,+AC0-1,+AC0-1,0,1,+AC0-1,+AC0-1,+AC0-1,+AC0-1,+AC0-1,+AC0-1,I confirm,I confirm,I confirm,,Go to Semantic Chapter and try to find what you were asked before,+ACI-Click the +ACIAIg-Get started+ACIAIg- in the next survey once I finish my searches+ACI-,,27/08/2023 00:26:45,1,1,+AC0-1,+AC0-1,+AC0-1,+AC0-1,+AC0-1,+AC0-1,+AC0-1,+AC0-1,+AC0-1,+AC0-1,+AC0-1,1,+AC0-1,1,+AC0-1,+AC0-1,+AC0-1,1,+AC0-1,1,+AC0-1,+AC0-1,+AC0-1,+AC0-1
27/08/2023 00:10:54,I confirm,5f983f3b00bbab0c4b28149a,High+AC0-school level,Advanced,Multiple times a day,+AC0-1,1,1,+AC0-1,+AC0-1,+AC0-1,1,+AC0-1,+AC0-1,+AC0-1,+AC0-1,+AC0-1,+AC0-1,+AC0-1,+AC0-1,+AC0-1,0,0,1,1,+AC0-1,+AC0-1,+AC0-1,1,0,+AC0-1,I confirm,I confirm,I confirm,,Go to Semantic Chapter and try to find what you were asked before,+ACI-Click the +ACIAIg-Get started+ACIAIg- in the next survey once I finish my searches+ACI-,,27/08/2023 00:37:12,0,1,1,0,0,+AC0-1,1,1,1,0,+AC0-1,+AC0-1,1,0,1,1,1,+AC0-1,1,1,1,1,1,+AC0-1,0,1
27/08/2023 00:25:24,I confirm,64c9892e8e7e06812b775c0c,Bachelor education,Native speaker,Multiple times a day,0,+AC0-1,+AC0-1,+AC0-1,+AC0-1,1,+AC0-1,1,+AC0-1,+AC0-1,+AC0-1,+AC0-1,+AC0-1,1,+AC0-1,1,1,+AC0-1,0,1,+AC0-1,+AC0-1,1,0,0,+AC0-1,I confirm,I confirm,I confirm,,Go to Semantic Chapter and try to find what you were asked before,+ACI-Click the +ACIAIg-Get started+ACIAIg- in the next survey once I finish my searches+ACI-,,27/08/2023 00:43:55,+AC0-1,1,+AC0-1,+AC0-1,+AC0-1,+AC0-1,+AC0-1,1,1,+AC0-1,+AC0-1,+AC0-1,+AC0-1,1,+AC0-1,+AC0-1,1,+AC0-1,0,1,1,1,1,0,0,+AC0-1
27/08/2023 00:25:42,I confirm,5a6f1ccade1f390001dbd8b7,High+AC0-school level,Native speaker,Multiple times a day,1,+AC0-1,+AC0-1,+AC0-1,+AC0-1,+AC0-1,+AC0-1,+AC0-1,+AC0-1,+AC0-1,+AC0-1,+AC0-1,+AC0-1,1,+AC0-1,+AC0-1,+AC0-1,+AC0-1,0,1,1,+AC0-1,+AC0-1,1,0,+AC0-1,I confirm,I confirm,I confirm,,Go to Semantic Chapter and try to find what you were asked before,+ACI-Click the +ACIAIg-Get started+ACIAIg- in the next survey once I finish my searches+ACI-,,27/08/2023 00:32:31,1,+AC0-1,+AC0-1,+AC0-1,+AC0-1,+AC0-1,+AC0-1,+AC0-1,+AC0-1,+AC0-1,+AC0-1,+AC0-1,+AC0-1,1,+AC0-1,+AC0-1,1,+AC0-1,0,1,1,+AC0-1,+AC0-1,1,0,+AC0-1
27/08/2023 00:27:05,I confirm,612bfae010470cd6226ab982,High+AC0-school level,Native speaker,Multiple times a day,1,1,1,1,1,1,+AC0-1,1,+AC0-1,+AC0-1,1,+AC0-1,+AC0-1,1,1,1,1,+AC0-1,1,1,1,+AC0-1,1,1,0,+AC0-1,I confirm,I confirm,I confirm,,Go to Semantic Chapter and try to find what you were asked before,+ACI-Click the +ACIAIg-Get started+ACIAIg- in the next survey once I finish my searches+ACI-,,27/08/2023 00:20:31,0,1,1,1,0,1,+AC0-1,1,+AC0-1,+AC0-1,1,+AC0-1,+AC0-1,1,1,1,1,+AC0-1,1,1,+AC0-1,1,+AC0-1,1,0,+AC0-1
27/08/2023 01:04:42,I confirm,641f6b81a75c8e94ec9aeabb,Bachelor education,Native speaker,Multiple times a day,1,1,1,0,+AC0-1,0,1,1,1,1,1,1,1,1,+AC0-1,1,1,1,+AC0-1,1,1,0,1,0,0,1,I confirm,I confirm,I confirm,,+ACI-Click the +ACIAIg-Get started+ACIAIg- in the next survey once I finish my searches+ACI-,Submit this form,,27/08/2023 01:15:44,1,1,1,0,+AC0-1,0,1,+AC0-1,1,0,1,1,1,1,0,1,1,1,+AC0-1,1,1,0,1,0,0,+AC0-1
27/08/2023 01:20:32,I confirm,612323ddbebadb638a141ce3,High+AC0-school level,Native speaker,Multiple times a day,1,+AC0-1,+AC0-1,+AC0-1,+AC0-1,0,+AC0-1,+AC0-1,+AC0-1,+AC0-1,1,+AC0-1,+AC0-1,+AC0-1,+AC0-1,+AC0-1,1,+AC0-1,0,1,1,+AC0-1,+AC0-1,1,0,+AC0-1,I confirm,I confirm,I confirm,,Go to Semantic Chapter and try to find what you were asked before,+ACI-Click the +ACIAIg-Get started+ACIAIg- in the next survey once I finish my searches+ACI-,,27/08/2023 01:19:13,1,0,0,0,0,0,0,0,0,0,+AC0-1,0,0,1,+AC0-1,+AC0-1,1,1,0,1,1,+AC0-1,1,1,0,+AC0-1
27/08/2023 11:56:32,I confirm,5f34cb60fa6cf63ecf31902d,High+AC0-school level,Advanced,Multiple times a day,1,+AC0-1,+AC0-1,+AC0-1,+AC0-1,1,+AC0-1,1,+AC0-1,+AC0-1,+AC0-1,+AC0-1,+AC0-1,+AC0-1,1,1,+AC0-1,+AC0-1,+AC0-1,1,1,+AC0-1,+AC0-1,1,1,1,I confirm,I confirm,I confirm,,Go to Semantic Chapter and try to find what you were asked before,+ACI-Click the +ACIAIg-Get started+ACIAIg- in the next survey once I finish my searches+ACI-,,27/08/2023 12:02:36,1,0,1,0,1,0,0,1,+AC0-1,+AC0-1,+AC0-1,0,+AC0-1,+AC0-1,+AC0-1,1,1,+AC0-1,1,1,1,+AC0-1,+AC0-1,1,1,1
27/08/2023 12:18:00,I confirm,647217632167709507d620f9,No knowledge,Advanced,Multiple times a day,1,+AC0-1,+AC0-1,+AC0-1,+AC0-1,1,+AC0-1,+AC0-1,+AC0-1,+AC0-1,+AC0-1,+AC0-1,+AC0-1,+AC0-1,+AC0-1,+AC0-1,1,+AC0-1,1,1,0,+AC0-1,+AC0-1,+AC0-1,0,1,I confirm,I confirm,I confirm,,Go to Semantic Chapter and try to find what you were asked before,+ACI-Click the +ACIAIg-Get started+ACIAIg- in the next survey once I finish my searches+ACI-,,27/08/2023 12:36:49,1,1,1,+AC0-1,0,1,1,1,1,+AC0-1,1,+AC0-1,1,1,0,1,1,+AC0-1,0,1,1,+AC0-1,+AC0-1,0,0,1
27/08/2023 12:20:20,I confirm,60f834e7872859a9cb562f99,No knowledge,Advanced,Multiple times a day,1,+AC0-1,+AC0-1,+AC0-1,+AC0-1,+AC0-1,+AC0-1,+AC0-1,+AC0-1,+AC0-1,+AC0-1,+AC0-1,+AC0-1,1,+AC0-1,+AC0-1,0,+AC0-1,1,+AC0-1,1,+AC0-1,1,+AC0-1,0,+AC0-1,I confirm,I confirm,I confirm,,Submit this form,+ACI-Click the +ACIAIg-Get started+ACIAIg- in the next survey once I finish my searches+ACI-,,27/08/2023 12:28:21,0,0,+AC0-1,+AC0-1,0,1,1,1,+AC0-1,+AC0-1,0,+AC0-1,+AC0-1,1,+AC0-1,+AC0-1,+AC0-1,1,1,1,1,1,1,+AC0-1,0,+AC0-1
27/08/2023 13:08:43,I confirm,615b1ab789b14c9996251fb4,Bachelor education,Advanced,Multiple times a day,1,+AC0-1,+AC0-1,+AC0-1,+AC0-1,+AC0-1,+AC0-1,+AC0-1,+AC0-1,+AC0-1,+AC0-1,+AC0-1,+AC0-1,+AC0-1,1,+AC0-1,+AC0-1,+AC0-1,0,1,1,+AC0-1,+AC0-1,1,0,+AC0-1,I confirm,I confirm,I confirm,,+ACI-Click the +ACIAIg-Get started+ACIAIg- in the next survey once I finish my searches+ACI-,Submit this form,,27/08/2023 13:07:15,1,0,1,1,0,0,1,1,1,1,0,1,1,1,0,1,1,1,0,1,0,1,1,1,0,1
