56afa11aabec410005a56534,01/03/2023 14:11:29,0,1,1,0,0,1,1,1,0,0,0,1,0,1,0,0,0,0,0,0,0,1,1,0,1,1,Quite likely,Slightly likely,Slightly likely,Quite likely,Extremely likely,Quite likely,Extremely likely,Extremely likely,Quite likely,Quite likely,Extremely likely,Extremely likely,Quite likely,Quite likely,Extremely likely,"I love all of it! The fact that I can search for a term, topic or researcher and have a list of relevant information sources is amazing","Sometimes I searched for something and had no match - I was scrolling for a while thinking that it might be lower in the search results. In this type of scenario, it would have been nice to get a message notification saying ""nothing matches your search term"" and then show the ""similar recommendations based on your search""",,01/03/2023 13:56:05,I confirm,No knowledge,Native speaker,Multiple times a day,0,0,0,0,0,0,0,0,0,0,0,0,0,0,0,0,0,0,0,0,0,0,0,0,0,0,I confirm,I confirm,I confirm,,I searched my user ID number AND I am ready to use the platform.,Read the instructions FIRST,Submit this form,Go to Semantic Chapter and try to find what you were asked before,"Click the ""Get started"" in the next survey once I finish my searches"
587d4ed4e4404c0001c9d1b9,01/03/2023 14:26:54,1,1,1,0,1,1,1,1,0,0,0,0,0,1,0,1,0,0,1,0,0,0,0,0,1,0,Slightly likely,Quite likely,Slightly likely,Quite likely,Quite likely,Slightly likely,Quite likely,Slightly likely,Slightly likely,Slightly likely,Quite likely,Slightly likely,Slightly likely,Slightly likely,Slightly likely,clearly laid out,not especially easy to filter,,01/03/2023 14:18:25,I confirm,No knowledge,Native speaker,Multiple times a day,1,1,1,0,1,0,0,1,0,0,0,0,0,1,0,1,0,0,0,0,0,0,0,0,1,0,I confirm,I confirm,I confirm,,I searched my user ID number AND I am ready to use the platform.,Read the instructions FIRST,Submit this form,Go to Semantic Chapter and try to find what you were asked before,"Click the ""Get started"" in the next survey once I finish my searches"
58f50400f4ce600001016db5,01/03/2023 14:12:39,0,1,1,0,1,0,1,1,1,0,0,0,0,1,0,1,1,0,1,0,0,0,1,1,1,1,Neither likely or unlikely,Slightly likely,Quite likely,Slightly likely,Slightly likely,Slightly likely,Neither likely or unlikely,Slightly unlikely,Slightly unlikely,Slightly likely,Neither likely or unlikely,Neither likely or unlikely,Slightly likely,Slightly likely,Quite likely,"The way that you can easily open PDF's. Also, I like the structure of it, it may help a student to organize better his knowledge.","I felt that some of the definitions where quite obvious, feeling the need to further my research on the pdf chapters. I feel that some of the definitions on the website need to be a little more complex.",,01/03/2023 13:57:08,I confirm,High-school level,Advanced,Eveyday,0,0,0,0,0,0,0,1,0,0,0,0,0,0,0,0,1,0,1,0,0,0,1,1,1,0,I confirm,I confirm,I confirm,,I searched my user ID number AND I am ready to use the platform.,Read the instructions FIRST,Submit this form,Go to Semantic Chapter and try to find what you were asked before,"Click the ""Get started"" in the next survey once I finish my searches"
596a3b32670f410001fe95d9,01/03/2023 12:58:26,0,0,1,0,0,0,1,1,1,0,0,0,0,1,1,1,0,1,0,0,0,1,1,0,1,1,Slightly likely,Quite likely,Quite likely,Quite likely,Quite likely,Quite likely,Slightly unlikely,Slightly likely,Slightly likely,Slightly likely,Slightly likely,Slightly unlikely,Slightly likely,Slightly likely,Slightly likely,The ability to expand on an item,Bit busy ,,01/03/2023 12:48:54,I confirm,High-school level,Native speaker,Multiple times a day,0,0,0,0,0,0,0,0,0,0,0,0,0,0,0,1,0,0,0,0,0,0,0,0,1,1,I confirm,I confirm,I confirm,,I searched my user ID number AND I am ready to use the platform.,Read the instructions FIRST,Go to Semantic Chapter and try to find what you were asked before,Submit this form,"Click the ""Get started"" in the next survey once I finish my searches"
5980fff19bf4fe0001070984,01/03/2023 15:24:49,1,0,1,0,0,0,0,0,1,0,0,0,1,1,0,1,0,0,0,0,0,0,0,1,1,1,Quite unlikely,Slightly unlikely,Quite unlikely,Neither likely or unlikely,Quite unlikely,Neither likely or unlikely,Extremely unlikely,Quite unlikely,Neither likely or unlikely,Slightly unlikely,Quite unlikely,Quite unlikely,Slightly unlikely,Quite unlikely,Quite unlikely,Being able to combine search terms,"The usability was poor, it was hard to work out what I was doing from time to time",,01/03/2023 15:11:23,I confirm,No knowledge,Native speaker,Multiple times a day,0,0,0,0,0,0,0,0,0,0,0,0,0,1,0,0,0,0,0,0,0,0,1,1,1,0,I confirm,I confirm,I confirm,,I searched my user ID number AND I am ready to use the platform.,Read the instructions FIRST,Submit this form,Go to Semantic Chapter and try to find what you were asked before,"Click the ""Get started"" in the next survey once I finish my searches"
59dc458f77860e000151240e,01/03/2023 15:08:44,0,1,1,0,0,0,0,0,1,0,0,0,0,1,0,0,1,0,0,0,0,0,1,0,1,0,Slightly likely,Slightly likely,Slightly likely,Slightly likely,Slightly likely,Slightly likely,Extremely likely,Quite likely,Extremely likely,Quite likely,Extremely likely,Extremely likely,Quite likely,Slightly likely,Quite likely,"I liked that it actively changed to match my search and that it highlighted key concepts, sometimes with different colors.","I didn't like that it would only pull up informaiton through a basic search, so I saw a lot of the same information over and over again from different searches or within the same search. I also would have liked an option to see which texts I've already viewed, as most of the chapter names were very similar. I also found it difficult to search for something unless I already knew the exact name or term.",,01/03/2023 14:41:49,I confirm,High-school level,Native speaker,Multiple times a day,0,0,0,0,0,0,0,0,0,0,0,0,0,0,0,0,1,0,0,0,0,0,1,0,1,0,I confirm,I confirm,I confirm,,I searched my user ID number AND I am ready to use the platform.,Read the instructions FIRST,Submit this form,Go to Semantic Chapter and try to find what you were asked before,"Click the ""Get started"" in the next survey once I finish my searches"
5bb756696322c5000159756c,01/03/2023 12:33:11,0,0,1,0,1,1,0,1,1,0,1,0,0,0,0,0,1,0,0,0,0,0,1,0,1,0,Slightly unlikely,Slightly unlikely,Slightly unlikely,Neither likely or unlikely,Slightly unlikely,Neither likely or unlikely,Slightly likely,Slightly likely,Neither likely or unlikely,Slightly unlikely,Slightly likely,Slightly likely,Slightly likely,Neither likely or unlikely,Neither likely or unlikely,The concepts section,the people section,"It was difficut to find many of the answers and Google might have been just as good, if not better. ",01/03/2023 12:11:12,I confirm,No knowledge,Native speaker,Multiple times a day,0,0,0,0,0,0,0,0,0,0,1,0,0,0,0,0,1,0,1,0,0,0,1,0,1,0,I confirm,I confirm,I confirm,,I searched my user ID number AND I am ready to use the platform.,Read the instructions FIRST,Submit this form,Go to Semantic Chapter and try to find what you were asked before,"Click the ""Get started"" in the next survey once I finish my searches"
5c018eb6067bbf00019ba43d,01/03/2023 11:55:11,0,1,1,0,1,0,0,1,1,0,0,0,0,1,0,0,0,1,1,0,0,0,0,0,1,0,Quite unlikely,Quite unlikely,Quite unlikely,Quite unlikely,Quite unlikely,Slightly unlikely,Extremely likely,Slightly likely,Slightly likely,Slightly unlikely,Slightly likely,Quite likely,Slightly unlikely,Quite unlikely,Slightly unlikely,Easy to use and understand,Definitions of concepts were too simple. ,,01/03/2023 11:37:49,I confirm,High-school level,Advanced,Multiple times a day,0,0,1,0,0,0,0,0,0,0,0,0,0,1,0,0,0,0,1,0,0,0,0,0,1,0,I confirm,I confirm,I confirm,,I searched my user ID number AND I am ready to use the platform.,Read the instructions FIRST,Submit this form,Go to Semantic Chapter and try to find what you were asked before,"Click the ""Get started"" in the next survey once I finish my searches"
5c573e54e9813700018acc31,01/03/2023 14:42:16,0,0,0,0,0,0,0,1,1,0,0,0,0,1,0,1,1,0,0,0,0,0,1,0,1,0,Quite likely,Quite likely,Quite likely,Quite likely,Quite likely,Quite likely,Quite likely,Quite likely,Quite likely,Quite likely,Quite likely,Quite likely,Quite likely,Quite likely,Quite likely,"The connection of concepts, sources and people. The autocomplete feature.",Short descriptions of concepts. Sometimes I didn't use autocomplete and the system didn't consider what i type and added,"no, thank you.",01/03/2023 14:30:41,I confirm,High-school level,Advanced,Multiple times a day,0,0,0,0,0,0,0,0,0,0,0,0,0,0,0,0,1,0,1,0,1,0,1,0,1,0,I confirm,I confirm,I confirm,,I searched my user ID number AND I am ready to use the platform.,Read the instructions FIRST,Submit this form,Go to Semantic Chapter and try to find what you were asked before,"Click the ""Get started"" in the next survey once I finish my searches"
5cc7443b836ddc0016fec706,01/03/2023 16:19:53,1,0,0,1,0,1,0,1,0,0,0,0,0,0,0,0,0,0,0,0,0,0,0,0,0,0,Extremely unlikely,Extremely unlikely,Extremely unlikely,Extremely unlikely,Extremely unlikely,Extremely unlikely,Extremely likely,Extremely unlikely,Extremely unlikely,Extremely unlikely,Extremely unlikely,Extremely unlikely,Neither likely or unlikely,Neither likely or unlikely,Neither likely or unlikely,Lotys if info,You need to know the answer to make the search,Better if you have some basic knowledge at least,01/03/2023 15:20:20,I confirm,No knowledge,Native speaker,Multiple times a day,0,0,0,0,0,0,0,0,0,0,0,0,0,0,0,0,0,0,0,0,0,0,0,0,0,0,I confirm,I confirm,I confirm,,I searched my user ID number AND I am ready to use the platform.,Read the instructions FIRST,Go to Semantic Chapter and try to find what you were asked before,Submit this form,"Click the ""Get started"" in the next survey once I finish my searches"
5cdc88cc50f50f001a783112,01/03/2023 15:48:17,0,1,1,1,0,1,1,1,1,0,1,0,0,1,0,1,1,1,1,0,0,0,1,0,0,1,Quite likely,Quite likely,Quite likely,Extremely likely,Extremely likely,Extremely likely,Quite likely,Quite likely,Extremely likely,Quite likely,Quite likely,Quite likely,Quite likely,Slightly likely,Quite likely,"Clarity of the site, number of available articles",,,01/03/2023 15:24:25,I confirm,High-school level,Advanced,Multiple times a day,0,0,0,0,0,0,0,1,0,0,1,0,0,1,0,1,1,1,1,0,0,0,0,0,0,1,I confirm,I confirm,I confirm,,I searched my user ID number AND I am ready to use the platform.,Read the instructions FIRST,Submit this form,Go to Semantic Chapter and try to find what you were asked before,"Click the ""Get started"" in the next survey once I finish my searches"
5d3067ad3c028b001782ab68,01/03/2023 16:09:38,1,1,1,1,1,1,1,1,1,0,1,0,0,1,1,0,1,1,1,1,0,0,1,1,1,1,Slightly likely,Quite likely,Slightly likely,Quite likely,Slightly likely,Slightly likely,Quite likely,Slightly likely,Slightly likely,Slightly unlikely,Quite likely,Slightly likely,Quite likely,Quite likely,Slightly likely,"Search engine, ability to use multiple keywords together, suggested keywords, links to specific chapters in the books","Missing some basic terms, using combination of keywords quite often gave the same result as just using the first keyword, more information about results and not just short description",Nothing to add.,01/03/2023 15:38:56,I confirm,High-school level,Advanced,Multiple times a day,1,1,1,0,1,1,1,1,1,0,1,0,0,1,0,1,1,1,1,0,0,0,0,0,1,1,I confirm,I confirm,I confirm,,I searched my user ID number AND I am ready to use the platform.,Read the instructions FIRST,Submit this form,Go to Semantic Chapter and try to find what you were asked before,"Click the ""Get started"" in the next survey once I finish my searches"
5dafea4de40355001651fa2f,01/03/2023 14:06:46,0,0,0,0,0,0,1,1,0,0,1,0,0,0,0,0,1,1,1,0,0,0,1,0,1,0,Quite likely,Slightly likely,Quite likely,Quite likely,Slightly likely,Quite likely,Slightly likely,Quite likely,Quite likely,Quite likely,Quite likely,Quite likely,Slightly likely,Slightly likely,Quite likely,chapter search,concept search,,01/03/2023 13:52:10,I confirm,No knowledge,Advanced,Multiple times a day,1,0,0,0,0,0,0,0,0,0,0,0,0,0,0,0,0,0,0,0,0,0,0,1,0,0,I confirm,I confirm,I confirm,,I searched my user ID number AND I am ready to use the platform.,Read the instructions FIRST,Submit this form,Go to Semantic Chapter and try to find what you were asked before,"Click the ""Get started"" in the next survey once I finish my searches"
5dd4074feab0423daf012f92,01/03/2023 12:59:05,0,1,1,0,0,0,1,0,0,0,0,0,0,0,0,0,0,1,0,0,0,0,0,1,1,1,Quite likely,Quite likely,Quite likely,Quite likely,Quite likely,Quite likely,Slightly likely,Slightly likely,Quite likely,Quite likely,Quite likely,Quite likely,Quite likely,Quite likely,Quite likely,The search function,It gives too broad of results,No,01/03/2023 12:53:25,I confirm,No knowledge,Native speaker,Multiple times a day,0,0,0,0,0,0,0,0,0,0,0,0,0,0,0,0,1,0,0,0,0,0,0,0,1,0,I confirm,I confirm,I confirm,,I searched my user ID number AND I am ready to use the platform.,Read the instructions FIRST,Submit this form,Go to Semantic Chapter and try to find what you were asked before,"Click the ""Get started"" in the next survey once I finish my searches"
5dde680c40460edc4a5dc1a2,01/03/2023 13:16:34,1,1,1,1,0,0,1,1,1,1,0,0,0,1,0,1,1,0,1,0,0,1,0,0,1,1,Slightly likely,Slightly likely,Slightly likely,Slightly likely,Quite likely,Neither likely or unlikely,Neither likely or unlikely,Slightly unlikely,Slightly unlikely,Neither likely or unlikely,Slightly unlikely,Slightly unlikely,Neither likely or unlikely,Slightly likely,Neither likely or unlikely,the search,some of the expanding buttons did not expand at all,"well, now you know why I had C in sociology :)",01/03/2023 12:59:11,I confirm,High-school level,Native speaker,Multiple times a day,1,0,1,0,0,0,0,0,0,0,0,0,0,0,0,0,1,0,1,0,0,0,0,0,1,0,I confirm,I confirm,I confirm,,I searched my user ID number AND I am ready to use the platform.,Read the instructions FIRST,Submit this form,Go to Semantic Chapter and try to find what you were asked before,"Click the ""Get started"" in the next survey once I finish my searches"
5dea7a7df87f5519e686ff7b,01/03/2023 14:42:21,0,0,1,0,0,0,1,0,1,0,0,0,0,1,0,1,1,0,0,0,0,0,1,0,1,0,Quite likely,Quite likely,Quite likely,Quite likely,Quite likely,Quite likely,Extremely likely,Extremely likely,Quite likely,Quite likely,Quite likely,Extremely likely,Quite likely,Neither likely or unlikely,Quite likely,Similar people were listed together,"When I clicked on a person, I wanted a more detailed biography to appear",,01/03/2023 14:32:24,I confirm,High-school level,Native speaker,Multiple times a day,0,0,0,0,0,0,0,0,0,0,0,0,0,0,0,0,1,0,0,0,0,0,1,0,1,0,I confirm,I confirm,I confirm,,I searched my user ID number AND I am ready to use the platform.,Read the instructions FIRST,Go to Semantic Chapter and try to find what you were asked before,Submit this form,"Click the ""Get started"" in the next survey once I finish my searches"
5dede922ad51834919f11f91,01/03/2023 12:09:23,0,0,0,1,1,0,0,0,1,0,0,0,0,1,0,0,1,1,0,0,0,0,1,1,1,0,Extremely likely,Quite likely,Quite likely,Extremely likely,Extremely likely,Quite likely,Slightly likely,Slightly likely,Quite likely,Quite likely,Quite likely,Quite likely,Quite likely,Quite likely,Quite likely,Search function,not everything would open to be read,,01/03/2023 11:56:51,I confirm,No knowledge,Native speaker,Multiple times a day,0,0,0,0,0,0,0,0,0,0,0,0,0,0,0,1,1,0,0,0,0,0,0,1,1,0,I confirm,I confirm,I confirm,,I searched my user ID number AND I am ready to use the platform.,Read the instructions FIRST,Go to Semantic Chapter and try to find what you were asked before,Submit this form,"Click the ""Get started"" in the next survey once I finish my searches"
5e2f448d3d8aa150310b677b,01/03/2023 14:21:06,0,1,0,0,1,0,0,0,0,0,0,0,0,0,0,0,0,0,1,0,0,0,0,0,0,1,Slightly unlikely,Slightly unlikely,Neither likely or unlikely,Neither likely or unlikely,Slightly unlikely,Neither likely or unlikely,Slightly unlikely,Slightly unlikely,Neither likely or unlikely,Slightly unlikely,Neither likely or unlikely,Neither likely or unlikely,Slightly likely,Slightly likely,Neither likely or unlikely,Access to a variety of topics,The layout could do much better,"Not really, thanks",01/03/2023 14:00:36,I confirm,High-school level,Advanced,Multiple times a day,0,1,0,0,0,0,0,1,0,0,0,0,0,1,0,1,0,0,1,0,0,0,0,0,1,0,I confirm,I confirm,I confirm,,I searched my user ID number AND I am ready to use the platform.,Read the instructions FIRST,Submit this form,Go to Semantic Chapter and try to find what you were asked before,"Click the ""Get started"" in the next survey once I finish my searches"
5e7aca7dc679490b709c855c,01/03/2023 15:30:21,1,0,0,0,1,1,0,0,1,0,0,0,0,0,0,0,1,0,1,0,1,1,0,0,1,0,Quite unlikely,Quite unlikely,Quite unlikely,Quite unlikely,Quite unlikely,Slightly unlikely,Neither likely or unlikely,Neither likely or unlikely,Slightly unlikely,Slightly unlikely,Slightly unlikely,Quite unlikely,Quite unlikely,Quite unlikely,Quite unlikely,Term definitions,Looking up people,,01/03/2023 15:14:07,I confirm,High-school level,Native speaker,Multiple times a day,0,0,0,0,0,0,0,0,0,0,0,0,0,0,0,0,1,0,0,0,0,0,1,0,1,0,I confirm,I confirm,I confirm,,I searched my user ID number AND I am ready to use the platform.,Read the instructions FIRST,Submit this form,Go to Semantic Chapter and try to find what you were asked before,"Click the ""Get started"" in the next survey once I finish my searches"
5e8a5a892f6f027054a83d88,01/03/2023 14:56:07,0,1,1,1,0,0,1,1,0,1,0,0,1,0,0,0,1,1,1,0,0,0,0,0,1,1,Quite likely,Quite likely,Quite likely,Quite likely,Extremely likely,Extremely likely,Extremely likely,Extremely likely,Extremely likely,Extremely likely,Extremely likely,Extremely likely,Quite likely,Slightly likely,Quite likely,It's easy to use and clear to view,,,01/03/2023 14:45:05,I confirm,High-school level,Advanced,Multiple times a day,0,1,0,0,0,0,0,1,0,0,0,0,0,0,0,0,1,0,0,0,0,0,0,1,1,0,I confirm,I confirm,I confirm,,I searched my user ID number AND I am ready to use the platform.,Read the instructions FIRST,Submit this form,Go to Semantic Chapter and try to find what you were asked before,"Click the ""Get started"" in the next survey once I finish my searches"
5e9edad6e7784d016ed87b36,01/03/2023 14:45:46,1,0,1,1,0,1,0,1,0,0,1,0,0,1,1,1,1,1,0,0,0,0,1,1,1,0,Slightly unlikely,Slightly likely,Slightly likely,Slightly likely,Neither likely or unlikely,Slightly unlikely,Extremely unlikely,Extremely unlikely,Quite unlikely,Quite unlikely,Slightly unlikely,Quite unlikely,Slightly unlikely,Slightly unlikely,Slightly unlikely,I like that you can join search terms together and drill down into topics.,"The summaries are *very* brief, I would have liked a bit more detail in them, with related terms.","I did find it quite complicated to use, this may be because my knowledge of sociology wasn't as good as I initially thought, but I can see it being a useful tool. As a new user, I was a little confused but I can see it being useful in a topic I have a little more knowledge about.",01/03/2023 14:27:46,I confirm,High-school level,Native speaker,Multiple times a day,0,0,0,0,0,0,0,0,0,0,0,0,0,1,0,0,1,0,0,0,0,0,1,1,1,0,I confirm,I confirm,I confirm,,I searched my user ID number AND I am ready to use the platform.,Read the instructions FIRST,Submit this form,Go to Semantic Chapter and try to find what you were asked before,"Click the ""Get started"" in the next survey once I finish my searches"
5ea62c8bba2bb363b85cbbd2,01/03/2023 14:47:07,0,1,1,1,1,1,1,0,1,0,1,0,0,1,0,1,1,1,0,0,0,0,1,1,1,1,Slightly unlikely,Slightly unlikely,Slightly unlikely,Quite unlikely,Quite unlikely,Quite unlikely,Quite likely,Slightly likely,Neither likely or unlikely,Neither likely or unlikely,Slightly likely,Neither likely or unlikely,Slightly unlikely,Slightly unlikely,Slightly unlikely,The overall experience.,That it's pointless. Google alreadu gives you everything you want to know.,,01/03/2023 14:37:45,I confirm,High-school level,Advanced,Multiple times a day,0,1,1,0,0,0,1,0,1,0,0,0,0,1,0,1,1,0,0,0,0,0,1,1,1,0,I confirm,I confirm,I confirm,,I searched my user ID number AND I am ready to use the platform.,Read the instructions FIRST,Submit this form,Go to Semantic Chapter and try to find what you were asked before,"Click the ""Get started"" in the next survey once I finish my searches"
5eaac1b48d712102356b170f,01/03/2023 12:30:13,0,1,1,0,0,1,1,0,1,0,0,0,0,0,0,0,1,1,1,0,0,0,0,1,0,0,Slightly unlikely,Slightly likely,Neither likely or unlikely,Slightly likely,Neither likely or unlikely,Slightly likely,Quite unlikely,Quite unlikely,Slightly unlikely,Slightly unlikely,Neither likely or unlikely,Slightly unlikely,Slightly likely,Neither likely or unlikely,Neither likely or unlikely,"Different categories of concepts, people etc",Hard to use if you don't know exactly what you're looking for - can't type a general question and get an exact answer like google,,01/03/2023 12:01:42,I confirm,No knowledge,Native speaker,Multiple times a day,0,0,0,0,0,0,0,0,0,0,0,0,0,0,0,0,1,0,1,0,0,0,0,0,0,0,I confirm,I confirm,I confirm,,I searched my user ID number AND I am ready to use the platform.,Read the instructions FIRST,Submit this form,Go to Semantic Chapter and try to find what you were asked before,"Click the ""Get started"" in the next survey once I finish my searches"
5f105b47d36c8701ec112317,01/03/2023 15:22:25,0,1,1,0,0,0,1,1,1,0,1,0,1,1,0,1,1,1,0,0,0,0,1,1,0,1,Quite likely,Quite likely,Slightly likely,Slightly likely,Extremely likely,Slightly likely,Quite likely,Quite likely,Quite likely,Quite likely,Slightly likely,Quite likely,Quite likely,Quite likely,Quite likely,The search feature ,"The layout of the concepts, chapters and people ",,01/03/2023 15:12:46,I confirm,High-school level,Native speaker,Multiple times a day,0,0,1,0,0,0,0,0,1,0,0,0,0,1,0,1,1,0,0,0,0,0,0,1,1,1,I confirm,I confirm,I confirm,,I searched my user ID number AND I am ready to use the platform.,Read the instructions FIRST,Submit this form,Go to Semantic Chapter and try to find what you were asked before,"Click the ""Get started"" in the next survey once I finish my searches"
5f16f559325a640008bb9a07,01/03/2023 14:50:52,0,0,1,0,0,0,1,1,1,0,0,0,0,1,0,0,1,1,0,0,0,1,0,1,1,1,Quite likely,Quite likely,Extremely likely,Quite likely,Quite likely,Quite likely,Quite likely,Quite likely,Extremely likely,Extremely likely,Extremely likely,Quite likely,Quite likely,Extremely likely,Extremely likely,how fast it came up with results,none,none,01/03/2023 14:41:31,I confirm,Bachelor education,Native speaker,Multiple times a day,0,0,1,0,0,0,1,0,1,0,0,0,0,1,0,0,1,1,0,0,0,0,0,0,1,0,I confirm,I confirm,I confirm,,I searched my user ID number AND I am ready to use the platform.,Read the instructions FIRST,Submit this form,Go to Semantic Chapter and try to find what you were asked before,"Click the ""Get started"" in the next survey once I finish my searches"
5f3e95436fa4350dadcfbfeb,01/03/2023 14:14:30,1,0,0,0,0,0,0,1,0,0,0,0,0,0,1,1,1,0,0,0,0,0,0,0,1,0,Slightly likely,Slightly likely,Slightly likely,Slightly likely,Slightly likely,Slightly likely,Extremely likely,Slightly unlikely,Extremely likely,Quite likely,Extremely likely,Extremely likely,Extremely likely,Slightly unlikely,Extremely likely,minimalistic web design,"no feature of going directly to word that you wanted, need of using ctrl+f to find exact word you're searching for",remembering names is hard for me,01/03/2023 13:53:15,I confirm,No knowledge,Advanced,Multiple times a day,0,0,0,0,0,0,0,0,0,0,0,0,0,0,0,0,1,0,1,0,0,0,0,1,1,0,I confirm,I confirm,I confirm,,I searched my user ID number AND I am ready to use the platform.,Read the instructions FIRST,Submit this form,Go to Semantic Chapter and try to find what you were asked before,"Click the ""Get started"" in the next survey once I finish my searches"
5f6b8c1f5622370b0c94d597,01/03/2023 15:32:26,0,0,0,1,1,0,1,1,1,0,1,0,0,1,0,1,0,0,0,0,0,1,1,1,1,1,Quite likely,Quite likely,Slightly likely,Quite likely,Quite likely,Slightly likely,Quite likely,Neither likely or unlikely,Slightly likely,Slightly unlikely,Slightly likely,Slightly likely,Slightly likely,Slightly likely,Quite likely,the recommended/related search results,"all the highlighted words in the articles, made it hard to read",interesting task,01/03/2023 15:16:41,I confirm,Bachelor education,Native speaker,Multiple times a day,0,0,0,1,1,0,1,1,1,0,0,0,0,1,0,1,0,0,0,0,0,0,0,0,1,0,I confirm,I confirm,I confirm,,I searched my user ID number AND I am ready to use the platform.,Read the instructions FIRST,Submit this form,Go to Semantic Chapter and try to find what you were asked before,"Click the ""Get started"" in the next survey once I finish my searches"
5f96b94504b0720009b4a1ed,01/03/2023 14:01:33,1,1,0,0,0,0,1,0,1,0,1,0,0,1,0,1,1,1,1,0,0,0,0,1,1,0,Quite unlikely,Quite unlikely,Slightly unlikely,Slightly unlikely,Slightly likely,Slightly likely,Quite unlikely,Quite unlikely,Neither likely or unlikely,Slightly likely,Neither likely or unlikely,Slightly likely,Extremely likely,Quite unlikely,Slightly likely,Search engine is very nice,Unreadable search results,,01/03/2023 13:51:55,I confirm,No knowledge,Mid or low level,Multiple times a day,0,0,0,0,0,0,0,0,0,0,0,0,0,1,0,0,1,0,0,0,0,0,0,0,0,0,I confirm,I confirm,I confirm,,I searched my user ID number AND I am ready to use the platform.,Read the instructions FIRST,Go to Semantic Chapter and try to find what you were asked before,Submit this form,"Click the ""Get started"" in the next survey once I finish my searches"
5fb3fcb82df261033a5f6e0e,01/03/2023 12:16:11,0,0,0,0,0,0,0,0,0,0,0,0,0,0,0,0,0,0,0,0,0,0,0,0,0,0,Neither likely or unlikely,Neither likely or unlikely,Neither likely or unlikely,Neither likely or unlikely,Neither likely or unlikely,Slightly likely,Slightly likely,Slightly likely,Slightly likely,Slightly likely,Slightly likely,Slightly likely,Neither likely or unlikely,Neither likely or unlikely,Neither likely or unlikely,filters,field of view,,01/03/2023 12:06:03,I confirm,High-school level,Advanced,Eveyday,1,0,0,0,0,0,0,0,0,0,0,0,0,0,0,0,1,0,1,0,0,0,0,0,0,0,I confirm,I confirm,I confirm,,I searched my user ID number AND I am ready to use the platform.,Read the instructions FIRST,Go to Semantic Chapter and try to find what you were asked before,"Click the ""Get started"" in the next survey once I finish my searches",Submit this form
5fe230ee29598a57972db630,01/03/2023 12:45:43,0,1,0,0,0,0,1,1,0,0,1,0,0,1,0,1,1,0,0,0,0,0,1,0,1,0,Slightly likely,Slightly likely,Slightly likely,Slightly likely,Slightly likely,Slightly likely,Quite likely,Neither likely or unlikely,Slightly likely,Neither likely or unlikely,Extremely likely,Slightly likely,Neither likely or unlikely,Neither likely or unlikely,Neither likely or unlikely,The possibility to search inside documents and be redirected to the precise point inside of them,"Searching a specific name and pressing enter rapidly, will not lead to the correct research. You always need to click the suggestion that appears, otherwise it does not work as expected",,01/03/2023 12:34:46,I confirm,No knowledge,Advanced,Multiple times a day,0,0,0,0,0,1,0,1,0,0,0,0,0,1,0,0,1,0,1,0,0,0,1,0,0,0,I confirm,I confirm,I confirm,,I searched my user ID number AND I am ready to use the platform.,Read the instructions FIRST,Go to Semantic Chapter and try to find what you were asked before,Submit this form,"Click the ""Get started"" in the next survey once I finish my searches"
5ffdd8d1b2325f3c1f6edc6b,01/03/2023 14:29:12,0,1,1,0,0,0,0,1,1,1,1,0,1,1,1,1,1,1,1,0,0,1,0,1,1,1,Extremely likely,Extremely likely,Quite likely,Extremely likely,Extremely likely,Extremely likely,Quite likely,Extremely likely,Extremely likely,Quite likely,Extremely likely,Quite likely,Extremely likely,Extremely likely,Extremely likely,terminology section,some long descriptives,,01/03/2023 14:09:41,I confirm,No knowledge,Mid or low level,Multiple times a day,0,0,1,0,1,0,0,1,1,1,1,0,0,1,0,0,1,1,1,0,0,1,0,1,1,1,I confirm,I confirm,I confirm,,I searched my user ID number AND I am ready to use the platform.,Read the instructions FIRST,Submit this form,Go to Semantic Chapter and try to find what you were asked before,"Click the ""Get started"" in the next survey once I finish my searches"
601129f77e0c21000b0c408a,01/03/2023 16:24:10,1,1,1,0,1,1,0,0,0,1,1,0,0,0,0,1,1,1,1,0,0,0,1,0,0,0,Quite likely,Slightly likely,Slightly likely,Slightly likely,Quite likely,Quite likely,Quite likely,Slightly likely,Slightly likely,Quite likely,Quite likely,Quite likely,Slightly likely,Slightly likely,Slightly likely,The user-friendliness,The time it sometimes takes to load.,,01/03/2023 15:37:44,I confirm,No knowledge,Native speaker,Multiple times a day,0,0,0,0,0,0,0,0,0,0,0,0,0,0,0,0,1,0,1,0,0,0,0,0,0,0,I confirm,I confirm,I confirm,,I searched my user ID number AND I am ready to use the platform.,Read the instructions FIRST,Submit this form,Go to Semantic Chapter and try to find what you were asked before,"Click the ""Get started"" in the next survey once I finish my searches"
6019a1226de5a01066871fa1,01/03/2023 13:21:28,0,1,1,0,0,0,1,1,1,0,0,0,0,1,0,1,1,1,0,0,0,0,1,1,1,0,Slightly likely,Quite likely,Quite likely,Slightly likely,Quite likely,Quite likely,Extremely likely,Extremely likely,Slightly likely,Slightly likely,Quite likely,Quite likely,Slightly likely,Quite likely,Extremely likely,THE CONCEPT FEATURE,NONE,NO,01/03/2023 13:09:15,I confirm,High-school level,Advanced,Multiple times a day,1,1,1,0,0,0,0,1,0,0,1,0,0,1,0,1,1,0,0,0,0,0,1,1,1,1,I confirm,I confirm,I confirm,,I searched my user ID number AND I am ready to use the platform.,Read the instructions FIRST,Submit this form,Go to Semantic Chapter and try to find what you were asked before,"Click the ""Get started"" in the next survey once I finish my searches"
60315645c8c7420a2f1ade9c,01/03/2023 14:54:04,0,0,0,0,0,0,0,0,0,0,1,0,0,0,0,1,1,1,0,0,0,0,0,1,0,1,Neither likely or unlikely,Quite likely,Extremely likely,Quite likely,Slightly likely,Slightly likely,Quite likely,Quite likely,Quite likely,Slightly likely,Slightly likely,Quite likely,Extremely likely,Slightly likely,Slightly likely,Almost all of them,Some of the icons are difficult to understand,,01/03/2023 14:51:57,I confirm,Bachelor education,Native speaker,Multiple times a day,0,0,0,0,0,0,0,0,0,0,1,0,0,0,0,0,1,1,0,0,1,0,0,1,0,0,I confirm,I confirm,I confirm,,I searched my user ID number AND I am ready to use the platform.,Go to Semantic Chapter and try to find what you were asked before,Read the instructions FIRST,"Click the ""Get started"" in the next survey once I finish my searches",Submit this form
6037a63eb08c240350cfd0db,01/03/2023 14:05:52,0,0,0,0,1,0,0,1,1,0,0,0,0,0,1,1,1,1,1,0,0,0,0,1,1,0,Slightly likely,Slightly likely,Slightly likely,Slightly likely,Slightly likely,Slightly likely,Quite unlikely,Slightly unlikely,Quite unlikely,Slightly unlikely,Quite unlikely,Slightly unlikely,Neither likely or unlikely,Neither likely or unlikely,Neither likely or unlikely,Highlighted sections to link to in the text of the chapter,Not knowing what I was meant to be looking up,I couldn't remember the questions very well so remember what to look up. Having the questions in front of me would make this easier,01/03/2023 14:07:06,I confirm,No knowledge,Native speaker,Multiple times a day,0,0,0,0,0,0,0,1,0,0,0,0,0,0,0,1,1,0,1,0,0,0,0,1,0,0,I confirm,I confirm,I confirm,,I searched my user ID number AND I am ready to use the platform.,Read the instructions FIRST,Go to Semantic Chapter and try to find what you were asked before,"Click the ""Get started"" in the next survey once I finish my searches",Submit this form
603e1fe6849f5c63a9997cf5,01/03/2023 14:12:09,0,1,1,0,0,1,1,0,1,1,1,0,0,1,1,1,1,1,1,1,0,1,1,0,1,1,Slightly likely,Quite likely,Slightly likely,Slightly likely,Extremely likely,Slightly likely,Quite likely,Slightly unlikely,Neither likely or unlikely,Slightly likely,Extremely likely,Neither likely or unlikely,Slightly likely,Quite likely,Slightly likely,The ability to access search results easily,Unable to get more information on a specific person,,01/03/2023 14:06:16,I confirm,High-school level,Native speaker,Multiple times a day,0,1,1,1,1,0,1,0,1,1,1,0,0,1,1,1,1,0,1,1,0,1,1,0,1,1,I confirm,I confirm,I confirm,,I searched my user ID number AND I am ready to use the platform.,Read the instructions FIRST,Submit this form,Go to Semantic Chapter and try to find what you were asked before,"Click the ""Get started"" in the next survey once I finish my searches"
604b169fe4b7991ec08da3a6,01/03/2023 13:10:52,0,1,1,0,1,0,0,0,0,0,1,0,1,1,0,1,1,1,0,0,0,0,1,0,0,1,Slightly unlikely,Quite unlikely,Slightly likely,Quite likely,Slightly likely,Quite likely,Quite likely,Extremely likely,Quite likely,Quite likely,Quite likely,Quite likely,Quite likely,Quite likely,Quite likely,Introduction to Sociology,there was no worst sorry,,01/03/2023 12:43:51,I confirm,Master or further education,Advanced,Multiple times a day,0,0,0,1,0,0,0,0,0,1,1,1,0,0,0,0,1,0,0,0,0,0,0,0,0,0,I confirm,I confirm,I confirm,,I searched my user ID number AND I am ready to use the platform.,Read the instructions FIRST,Submit this form,Go to Semantic Chapter and try to find what you were asked before,"Click the ""Get started"" in the next survey once I finish my searches"
608930a9d426b23a7b53c710,01/03/2023 12:20:10,1,0,1,1,1,1,0,0,1,1,0,0,0,1,0,1,1,1,1,0,0,0,1,1,1,1,Slightly likely,Quite likely,Quite likely,Neither likely or unlikely,Slightly likely,Quite likely,Extremely likely,Extremely likely,Quite likely,Quite likely,Slightly likely,Quite likely,Quite likely,Slightly likely,Quite likely,,,,01/03/2023 11:45:32,I confirm,High-school level,Mid or low level,Multiple times a day,1,0,0,1,0,1,0,1,1,0,0,0,0,0,0,1,1,0,1,0,0,0,0,1,1,1,I confirm,I confirm,I confirm,,I searched my user ID number AND I am ready to use the platform.,Read the instructions FIRST,Submit this form,Go to Semantic Chapter and try to find what you were asked before,"Click the ""Get started"" in the next survey once I finish my searches"
609bfd97a7c95881330491d4,01/03/2023 16:32:08,1,1,1,0,1,1,1,1,1,1,1,0,1,1,1,1,1,1,1,1,0,1,1,1,1,1,Slightly likely,Quite likely,Quite likely,Quite likely,Slightly likely,Quite likely,Extremely likely,Quite likely,Quite likely,Quite likely,Quite likely,Extremely likely,Quite likely,Quite likely,Quite likely,Gruoping of results into separate categories,Lack of highlights the searched phrases on the search results page,,01/03/2023 16:04:39,I confirm,Master or further education,Native speaker,Multiple times a day,0,1,1,1,0,0,1,1,1,0,1,1,0,1,0,1,1,1,0,0,1,0,-1,0,0,1,I confirm,I confirm,I confirm,,I searched my user ID number AND I am ready to use the platform.,Read the instructions FIRST,Submit this form,Go to Semantic Chapter and try to find what you were asked before,"Click the ""Get started"" in the next survey once I finish my searches"
60d06b3cf344af8331fc63b0,01/03/2023 12:02:59,1,1,1,0,0,0,0,1,1,1,1,0,0,1,0,1,1,0,0,0,0,1,1,0,1,1,Quite likely,Quite likely,Extremely likely,Extremely likely,Extremely likely,Quite likely,Extremely likely,Slightly likely,Quite likely,Neither likely or unlikely,Extremely likely,Extremely likely,Quite likely,Quite likely,Quite likely,quick search results based on key words,The flexibility to trace any particular sentence from a chapter,wish you good luck to develop it further,01/03/2023 11:53:06,I confirm,High-school level,Advanced,Eveyday,1,1,1,0,0,0,1,1,1,1,1,0,0,1,0,1,1,0,0,0,0,0,0,0,1,1,I confirm,I confirm,I confirm,,I searched my user ID number AND I am ready to use the platform.,Read the instructions FIRST,Go to Semantic Chapter and try to find what you were asked before,"Click the ""Get started"" in the next survey once I finish my searches",Submit this form
60d1a4da9e47f5d3b3e85a70,01/03/2023 15:49:39,1,0,1,1,1,1,0,0,1,0,0,0,0,0,1,1,0,0,1,0,0,0,1,1,0,0,Slightly unlikely,Quite likely,Slightly likely,Quite likely,Neither likely or unlikely,Quite likely,Quite likely,Quite likely,Quite likely,Quite likely,Quite likely,Quite likely,Quite likely,Quite likely,Quite likely,image illustration ,few information,,01/03/2023 15:36:45,I confirm,Bachelor education,Advanced,Multiple times a day,1,1,0,1,0,0,1,1,1,0,0,0,0,0,0,0,1,0,1,0,1,0,0,1,0,0,I confirm,I confirm,I confirm,,I searched my user ID number AND I am ready to use the platform.,Read the instructions FIRST,Go to Semantic Chapter and try to find what you were asked before,Submit this form,"Click the ""Get started"" in the next survey once I finish my searches"
60f816ff1fa74fcfab532378,01/03/2023 14:51:06,1,0,0,0,0,1,0,0,1,0,0,0,0,1,0,0,1,0,1,0,0,0,0,0,1,0,Quite likely,Quite likely,Quite likely,Quite likely,Extremely likely,Quite likely,Slightly likely,Slightly likely,Quite likely,Quite likely,Quite likely,Slightly likely,Quite likely,Quite likely,Quite likely,I liked being able to add related topics to the search to narrow it down and be reminded of some of the other topics. I also liked being able to see previews and snippets of things that might be relevant.,"I felt limited to not being able to just search something random. I wanted to be able to find ""who first used the term sociology"" but felt like it wouldn't have worked in the search engine. So instead I searched sociology and read about it in the preview which felt like it took longer than was necessary.",I would have enjoyed the task more if I was able to see the questions when I was using the Semantic Chapter. I really enjoy those kind of comprehension questions where you have to find the answer and it would be interesting to do it in a search engine I'm not familiar with. I remembered a few of the terms and concepts I would be answering but I think it would have been a better test of the usability if I had the questions I needed answers to readily available. ,01/03/2023 14:29:43,I confirm,No knowledge,Native speaker,Multiple times a day,0,0,0,0,0,0,0,1,1,0,0,0,0,0,0,0,1,0,1,0,0,0,1,0,1,0,I confirm,I confirm,I confirm,,I searched my user ID number AND I am ready to use the platform.,Read the instructions FIRST,Submit this form,Go to Semantic Chapter and try to find what you were asked before,"Click the ""Get started"" in the next survey once I finish my searches"
6106fb32450f25db311c7a2d,01/03/2023 10:45:17,1,0,1,1,1,1,0,1,0,1,1,0,0,0,0,1,0,0,0,1,1,0,1,1,0,0,Quite likely,Extremely likely,Quite likely,Quite likely,Extremely likely,Extremely likely,Quite likely,Quite likely,Quite likely,Quite likely,Quite likely,Quite likely,Extremely likely,Extremely likely,Extremely likely,I really loved searching tool + the hints and quick definitions about the searched topic,For the first time using your platform everything is clear to me. For better control I think you just need to get used to it.,I loved the distinction by type and colour.,01/03/2023 10:27:52,I confirm,High-school level,Advanced,Multiple times a day,1,0,0,0,0,0,0,0,0,0,0,0,0,0,0,1,0,0,0,0,0,0,0,1,0,0,I confirm,I confirm,I confirm,,I searched my user ID number AND I am ready to use the platform.,Read the instructions FIRST,Submit this form,Go to Semantic Chapter and try to find what you were asked before,"Click the ""Get started"" in the next survey once I finish my searches"
6116a378612ec47c9335f3ed,01/03/2023 13:29:14,0,1,1,0,1,0,1,1,1,0,1,0,0,1,0,1,1,1,1,0,0,0,1,1,0,1,Extremely likely,Extremely likely,Extremely likely,Extremely likely,Extremely likely,Extremely likely,Slightly likely,Extremely likely,Slightly likely,Extremely likely,Slightly likely,Quite likely,Extremely likely,Extremely likely,Extremely likely,Search tool for books ,None ,I love the concept,01/03/2023 13:22:18,I confirm,Bachelor education,Advanced,Multiple times a day,0,1,1,1,1,1,1,1,1,0,1,0,0,0,0,1,1,1,0,0,0,0,1,1,0,1,I confirm,I confirm,I confirm,,I searched my user ID number AND I am ready to use the platform.,Read the instructions FIRST,Submit this form,Go to Semantic Chapter and try to find what you were asked before,"Click the ""Get started"" in the next survey once I finish my searches"
61267b828ead584bcf092e35,01/03/2023 13:10:41,0,1,1,1,0,1,1,1,1,1,0,0,0,1,0,1,1,1,0,0,0,0,0,0,1,0,Extremely likely,Extremely likely,Extremely likely,Extremely likely,Extremely likely,Extremely likely,Extremely likely,Extremely likely,Extremely likely,Extremely likely,Extremely likely,Extremely likely,Extremely likely,Extremely likely,Extremely likely,Clicking on a word to get the definition,Finding out about the people,It is fast and easy to use. It makes the workload easy to finish.,01/03/2023 12:29:29,I confirm,No knowledge,Native speaker,Multiple times a day,0,0,0,0,0,0,0,1,1,0,0,0,0,1,0,1,1,0,0,0,0,0,1,1,0,0,I confirm,I confirm,I confirm,,I searched my user ID number AND I am ready to use the platform.,Read the instructions FIRST,Submit this form,Go to Semantic Chapter and try to find what you were asked before,"Click the ""Get started"" in the next survey once I finish my searches"
612e61d2784b1a22530108c2,01/03/2023 13:36:39,0,0,0,0,0,0,0,0,0,0,0,0,0,0,0,1,1,0,0,1,0,0,1,1,1,0,Slightly likely,Quite likely,Quite likely,Quite likely,Quite likely,Quite likely,Quite likely,Neither likely or unlikely,Slightly likely,Extremely likely,Slightly likely,Extremely likely,Extremely likely,Quite likely,Quite likely,gives all the contents and takes you straight to the site,still have to type more for more information,overall its almost perfect,01/03/2023 13:37:57,I confirm,Bachelor education,Native speaker,Multiple times a day,0,0,0,0,0,0,0,1,0,0,0,0,0,0,0,1,1,0,0,1,0,0,1,1,1,0,I confirm,I confirm,I confirm,,I searched my user ID number AND I am ready to use the platform.,Read the instructions FIRST,Go to Semantic Chapter and try to find what you were asked before,"Click the ""Get started"" in the next survey once I finish my searches",Submit this form
613f59d7f0f631a278aca6e8,01/03/2023 14:35:17,1,1,0,0,0,0,1,1,0,0,1,1,0,1,1,1,1,1,0,0,0,1,1,1,0,1,Slightly unlikely,Slightly unlikely,Slightly unlikely,Slightly likely,Neither likely or unlikely,Slightly likely,Quite likely,Quite likely,Quite likely,Extremely likely,Extremely likely,Extremely likely,Neither likely or unlikely,Neither likely or unlikely,Neither likely or unlikely,I liked that you can filter you searches/findings to match what you looking for exactly.,,,01/03/2023 14:39:11,I confirm,High-school level,Advanced,Multiple times a day,0,0,0,0,0,0,0,1,0,0,0,0,0,0,1,0,1,1,0,1,0,0,0,0,0,1,I confirm,I confirm,I confirm,,I searched my user ID number AND I am ready to use the platform.,Read the instructions FIRST,Go to Semantic Chapter and try to find what you were asked before,Go to Semantic Chapter and try to find what you were asked before,Submit this form
614e82d5717d691f24efffc0,01/03/2023 13:33:26,0,1,1,1,1,1,1,1,1,1,1,0,0,1,1,1,1,1,0,0,0,1,1,0,1,1,Extremely likely,Quite likely,Quite likely,Quite likely,Extremely likely,Slightly likely,Slightly likely,Slightly likely,Neither likely or unlikely,Slightly likely,Slightly likely,Slightly likely,Slightly likely,Quite likely,Slightly likely,Showing the search result ways,nothing,no,01/03/2023 13:16:53,I confirm,High-school level,Advanced,Multiple times a day,0,0,0,0,0,0,0,0,0,0,1,0,0,1,1,1,1,1,1,0,0,1,1,0,1,1,I confirm,I confirm,I confirm,,I searched my user ID number AND I am ready to use the platform.,Read the instructions FIRST,Submit this form,Go to Semantic Chapter and try to find what you were asked before,"Click the ""Get started"" in the next survey once I finish my searches"
6151a21b24b1ef1bc130b97d,01/03/2023 14:56:11,0,0,1,0,1,0,1,1,1,0,0,0,0,1,1,0,0,1,1,0,1,0,0,1,1,0,Extremely likely,Quite likely,Neither likely or unlikely,Extremely likely,Extremely likely,Quite likely,Quite likely,Slightly likely,Quite likely,Quite likely,Quite likely,Quite likely,Quite likely,Quite likely,Quite likely,The people feature,concepts,No,01/03/2023 14:32:18,I confirm,No knowledge,Native speaker,Multiple times a day,1,0,0,0,0,0,0,0,0,0,0,0,0,1,0,1,1,0,0,0,0,0,0,1,1,0,I confirm,I confirm,I confirm,,I searched my user ID number AND I am ready to use the platform.,Read the instructions FIRST,Submit this form,Go to Semantic Chapter and try to find what you were asked before,"Click the ""Get started"" in the next survey once I finish my searches"
6156fef09d1ab07148870099,01/03/2023 11:41:23,0,0,0,0,0,0,0,0,0,0,0,0,0,0,0,0,0,0,0,0,0,0,0,0,1,0,Quite unlikely,Extremely unlikely,Extremely unlikely,Quite unlikely,Quite unlikely,Extremely unlikely,Quite unlikely,Extremely unlikely,Quite unlikely,Extremely unlikely,Quite unlikely,Extremely unlikely,Quite unlikely,Extremely unlikely,Extremely unlikely,as you types it gave you options of what it thought you were trying to type,"i didnt like the popup text when you click to find further details, or it didnt produce any further details",,01/03/2023 11:34:41,I confirm,No knowledge,Native speaker,Multiple times a day,0,0,0,0,0,0,0,0,0,0,0,0,0,0,0,0,0,0,0,0,0,0,0,0,1,0,I confirm,I confirm,I confirm,,I searched my user ID number AND I am ready to use the platform.,Read the instructions FIRST,Submit this form,Go to Semantic Chapter and try to find what you were asked before,"Click the ""Get started"" in the next survey once I finish my searches"
615ddab1e4f013092538b6c5,01/03/2023 15:50:51,1,1,0,1,1,1,0,1,0,1,0,1,1,1,0,1,1,1,1,0,0,0,1,1,1,1,Slightly unlikely,Slightly unlikely,Slightly unlikely,Neither likely or unlikely,Slightly unlikely,Slightly likely,Quite unlikely,Quite unlikely,Quite unlikely,Slightly unlikely,Quite unlikely,Neither likely or unlikely,Slightly unlikely,Quite unlikely,Quite unlikely,ability to search,I could not get more information about a person other than a very brief summary when i search on a specific name,"I found this somewhat difficult to navigate, probably takes much more practice and experience with sociology, which I have almost none.",01/03/2023 15:02:16,I confirm,High-school level,Native speaker,Multiple times a day,0,0,0,0,0,0,0,0,0,0,0,0,0,0,0,0,0,0,0,0,0,0,1,0,0,0,I confirm,I confirm,I confirm,,I searched my user ID number AND I am ready to use the platform.,Read the instructions FIRST,Go to Semantic Chapter and try to find what you were asked before,Go to Semantic Chapter and try to find what you were asked before,Submit this form
6167563313a0d9242b910de8,01/03/2023 15:33:53,0,0,1,0,0,0,1,1,0,0,1,0,0,0,1,0,1,1,0,0,0,0,1,0,1,0,Quite unlikely,Quite unlikely,Quite unlikely,Quite unlikely,Slightly likely,Neither likely or unlikely,Extremely likely,Quite likely,Quite likely,Slightly likely,Quite likely,Quite likely,Neither likely or unlikely,Neither likely or unlikely,Neither likely or unlikely,The part where there were parts which were highlighted to help give insight,The people section.,,01/03/2023 15:26:14,I confirm,High-school level,Native speaker,Multiple times a day,1,0,1,0,0,0,1,0,1,0,1,0,0,0,1,0,1,1,0,0,0,0,1,1,1,0,I confirm,I confirm,I confirm,,I searched my user ID number AND I am ready to use the platform.,Read the instructions FIRST,Go to Semantic Chapter and try to find what you were asked before,Submit this form,"Click the ""Get started"" in the next survey once I finish my searches"
61681f59f7bc57738bf25f26,01/03/2023 16:41:44,0,0,1,1,1,0,1,1,1,0,1,0,0,1,1,1,1,1,1,0,0,0,1,1,1,1,Slightly likely,Extremely likely,Extremely likely,Quite likely,Extremely likely,Quite likely,Extremely likely,Extremely likely,Extremely likely,Quite likely,Extremely likely,Extremely likely,Extremely likely,Extremely likely,Extremely likely,separated results,bit random in the order the information comes out,no,01/03/2023 16:31:05,I confirm,High-school level,Advanced,Multiple times a day,1,-1,0,-1,0,1,-1,1,-1,1,-1,-1,1,1,0,1,1,-1,0,1,1,-1,-1,1,1,-1,I confirm,I confirm,I confirm,,I searched my user ID number AND I am ready to use the platform.,Read the instructions FIRST,Submit this form,Go to Semantic Chapter and try to find what you were asked before,"Click the ""Get started"" in the next survey once I finish my searches"
61687ebcd2a35ffb762d1928,01/03/2023 16:05:13,0,1,1,0,0,1,0,1,1,0,0,0,0,1,0,1,1,1,0,0,0,0,1,1,1,1,Extremely likely,Extremely likely,Extremely likely,Extremely likely,Extremely likely,Extremely likely,Quite likely,Quite likely,Slightly likely,Quite likely,Quite likely,Quite likely,Extremely likely,Extremely likely,Extremely likely,The different ways in which information is presented. It is neatly displayed and makes it easy to find it.,"Not being able to click on a Author and see all their information and models, having to look for that in a book chapter or notes.",none,01/03/2023 15:33:40,I confirm,No knowledge,Advanced,Multiple times a day,0,0,0,0,0,0,0,0,0,0,0,0,0,0,0,0,1,0,0,0,0,0,1,0,1,0,I confirm,I confirm,I confirm,,I searched my user ID number AND I am ready to use the platform.,Read the instructions FIRST,Submit this form,Go to Semantic Chapter and try to find what you were asked before,"Click the ""Get started"" in the next survey once I finish my searches"
6176b584db27cdcecc3896c8,01/03/2023 17:08:26,0,1,1,1,1,1,1,1,1,1,1,0,0,1,1,0,1,1,1,0,0,0,1,0,1,1,Slightly unlikely,Slightly likely,Slightly unlikely,Slightly likely,Slightly likely,Slightly unlikely,Quite unlikely,Slightly unlikely,Quite unlikely,Slightly unlikely,Slightly unlikely,Slightly unlikely,Neither likely or unlikely,Neither likely or unlikely,Slightly unlikely,The Concepts block,The peoples block,None,01/03/2023 17:01:10,I confirm,Bachelor education,Advanced,Multiple times a day,1,-1,-1,-1,0,1,-1,1,-1,-1,1,-1,-1,-1,0,1,1,-1,1,1,1,1,-1,1,1,1,I confirm,I confirm,I confirm,,I searched my user ID number AND I am ready to use the platform.,Read the instructions FIRST,Go to Semantic Chapter and try to find what you were asked before,"Click the ""Get started"" in the next survey once I finish my searches",Submit this form
62734ce38db73cd5bd81a36f,01/03/2023 15:08:13,0,1,1,1,1,1,0,1,1,0,1,0,0,1,1,1,1,1,1,0,0,1,1,0,1,0,Quite likely,Quite likely,Quite likely,Quite likely,Quite likely,Quite likely,Quite likely,Slightly likely,Quite likely,Quite likely,Slightly likely,Slightly likely,Quite likely,Quite likely,Quite likely,being able to search,"the information on people is limited, it could provided a summary of their ideas and contirbutions.",,01/03/2023 14:59:41,I confirm,High-school level,Native speaker,Multiple times a day,0,0,0,0,0,0,0,0,0,0,0,0,0,0,0,0,0,0,0,0,0,0,0,0,1,0,I confirm,I confirm,I confirm,,I searched my user ID number AND I am ready to use the platform.,Read the instructions FIRST,Submit this form,Go to Semantic Chapter and try to find what you were asked before,"Click the ""Get started"" in the next survey once I finish my searches"
628f7669ee68aabf3930123b,01/03/2023 14:30:58,0,1,1,1,0,0,0,1,1,0,1,0,0,1,0,1,1,1,1,0,0,0,1,1,1,1,Extremely likely,Extremely likely,Extremely likely,Extremely likely,Extremely likely,Extremely likely,Extremely likely,Quite likely,Extremely likely,Quite likely,Quite likely,Extremely likely,Extremely likely,Extremely likely,Extremely likely,Easy to navigate,People need to have a bio and links to how they have influenced areas of their field,"The chapters are just walls of text, I think it needs breaking up to be more readable, perhaps an option to hide all the links to make reading easier?",01/03/2023 13:53:25,I confirm,No knowledge,Native speaker,Multiple times a day,0,0,0,0,0,0,0,0,0,0,0,0,0,0,0,0,0,0,0,0,0,0,1,1,0,0,I confirm,I confirm,I confirm,,I searched my user ID number AND I am ready to use the platform.,Read the instructions FIRST,Submit this form,Go to Semantic Chapter and try to find what you were asked before,"Click the ""Get started"" in the next survey once I finish my searches"
629f2a9c3effb1dc81c49116,01/03/2023 13:06:07,1,0,1,1,1,1,0,1,1,0,1,0,0,0,0,0,0,0,0,0,0,0,0,0,1,0,Slightly likely,Slightly likely,Slightly likely,Slightly likely,Slightly likely,Slightly likely,Quite likely,Slightly likely,Slightly likely,Quite unlikely,Slightly unlikely,Slightly likely,Neither likely or unlikely,Slightly unlikely,Slightly unlikely,"How quickly results were returned, definitions/descriptions being displayed before actually searching","I didn't get the result I was looking for, for most terms that I searched",,01/03/2023 12:51:58,I confirm,No knowledge,Native speaker,Multiple times a day,0,0,0,0,0,0,0,0,0,0,0,0,0,0,0,0,0,0,0,0,0,0,0,1,1,0,I confirm,I confirm,I confirm,,I searched my user ID number AND I am ready to use the platform.,Read the instructions FIRST,Submit this form,Go to Semantic Chapter and try to find what you were asked before,"Click the ""Get started"" in the next survey once I finish my searches"
62a736fe5a4e3172a77b266c,01/03/2023 13:44:19,1,0,0,1,1,1,0,1,0,0,1,0,0,0,0,0,0,1,1,0,1,0,0,0,1,1,Quite unlikely,Neither likely or unlikely,Quite likely,Slightly likely,Quite likely,Quite likely,Quite likely,Quite likely,Quite likely,Slightly likely,Quite likely,Quite likely,Quite likely,Slightly likely,Quite likely,concepts categorised in groups,everything must be searched in the actual textbook,,01/03/2023 13:07:43,I confirm,High-school level,Native speaker,Multiple times a day,1,1,1,1,0,0,0,0,1,0,1,0,0,0,0,0,1,1,1,0,0,0,0,0,1,0,I confirm,I confirm,I confirm,,I searched my user ID number AND I am ready to use the platform.,Read the instructions FIRST,"Click the ""Get started"" in the next survey once I finish my searches",Go to Semantic Chapter and try to find what you were asked before,Submit this form
62b8cd151b5fd0f9be7d1f11,01/03/2023 14:35:01,0,0,0,0,0,0,0,0,0,0,0,0,0,0,0,0,1,0,1,0,0,0,1,0,0,0,Quite unlikely,Slightly unlikely,Slightly likely,Quite unlikely,Quite unlikely,Extremely unlikely,Slightly likely,Quite unlikely,Neither likely or unlikely,Slightly unlikely,Quite unlikely,Neither likely or unlikely,Quite likely,Neither likely or unlikely,Slightly unlikely,I liked the simplicity of adding topics/chapters/people to the search term. ,No matter what search terms I used I seemed to get the same chapters that did not show me what I was looking for. ,I could not clearly remember the initial questions so my searching for answers was very limited to the few topics/names I could remember. ,01/03/2023 14:14:03,I confirm,No knowledge,Native speaker,Multiple times a day,0,0,0,0,0,0,0,0,0,0,0,0,0,0,0,0,1,0,1,0,0,0,0,0,0,0,I confirm,I confirm,I confirm,,I searched my user ID number AND I am ready to use the platform.,Read the instructions FIRST,Go to Semantic Chapter and try to find what you were asked before,Submit this form,"Click the ""Get started"" in the next survey once I finish my searches"
62c9e5f7ad5a36ab331103bb,01/03/2023 14:50:34,0,1,1,1,1,0,1,0,0,1,0,1,0,0,1,1,1,0,1,1,0,1,0,0,0,1,Slightly likely,Neither likely or unlikely,Slightly likely,Slightly likely,Neither likely or unlikely,Neither likely or unlikely,Slightly unlikely,Slightly likely,Slightly likely,Neither likely or unlikely,Slightly likely,Neither likely or unlikely,Neither likely or unlikely,Slightly likely,Slightly likely,The search function,The vertical layout.,,01/03/2023 14:24:08,I confirm,High-school level,Native speaker,Multiple times a day,0,0,0,0,0,0,0,0,0,0,1,0,0,0,1,1,1,0,0,0,0,0,0,1,1,0,I confirm,I confirm,I confirm,,I searched my user ID number AND I am ready to use the platform.,Read the instructions FIRST,Go to Semantic Chapter and try to find what you were asked before,Submit this form,Submit this form
62fb79e7c968f4fc555d1e2f,01/03/2023 14:03:31,0,1,1,0,1,1,0,1,0,0,0,0,0,0,1,0,0,0,0,0,0,1,1,1,1,0,Quite likely,Slightly likely,Quite likely,Slightly likely,Slightly likely,Slightly likely,Slightly likely,Slightly unlikely,Slightly unlikely,Slightly unlikely,Slightly unlikely,Slightly unlikely,Neither likely or unlikely,Slightly unlikely,Slightly unlikely,reasonable search finctionality,inability to expand on information about people,,01/03/2023 13:53:51,I confirm,High-school level,Native speaker,Multiple times a day,0,0,0,0,0,0,0,0,0,0,0,0,0,0,0,0,0,0,0,0,0,0,0,0,1,0,I confirm,I confirm,I confirm,,I searched my user ID number AND I am ready to use the platform.,Read the instructions FIRST,Submit this form,Go to Semantic Chapter and try to find what you were asked before,"Click the ""Get started"" in the next survey once I finish my searches"
63039f41fa5c21d483996be2,01/03/2023 13:05:04,0,1,1,1,0,0,0,1,0,0,0,0,0,0,0,1,1,0,1,0,0,0,1,1,0,0,Quite unlikely,Quite unlikely,Slightly likely,Neither likely or unlikely,Slightly likely,Quite unlikely,Quite unlikely,Quite unlikely,Quite unlikely,Slightly unlikely,Quite unlikely,Quite unlikely,Slightly likely,Slightly unlikely,Extremely unlikely,none,i couldn't get it to read chapters,no,01/03/2023 12:54:25,I confirm,No knowledge,Native speaker,Multiple times a day,0,0,0,0,0,0,0,0,0,0,0,0,0,0,0,0,1,0,1,0,0,0,1,1,0,0,I confirm,I confirm,I confirm,,I searched my user ID number AND I am ready to use the platform.,Read the instructions FIRST,Go to Semantic Chapter and try to find what you were asked before,"Click the ""Get started"" in the next survey once I finish my searches",Submit this form
63068110447ef1aaa9660816,01/03/2023 14:13:16,0,0,0,0,0,0,1,0,0,0,0,0,0,0,0,0,1,1,0,0,0,0,0,0,0,0,Neither likely or unlikely,Slightly likely,Extremely likely,Slightly likely,Neither likely or unlikely,Quite likely,Slightly likely,Slightly unlikely,Slightly unlikely,Slightly unlikely,Neither likely or unlikely,Neither likely or unlikely,Quite likely,Quite likely,Quite likely,"I liked how interactive it was, it was easy to click things and read through the context.",Finding specific things I was looking for. I know I couldn't learn everything but I wanted to be able to answer more questions.,Thanks for letting me take part in your study. It is hard to say what can improve it but I did learn a few things within the time given. Thanks for letting me take part and have a lovely day :),01/03/2023 14:01:36,I confirm,No knowledge,Native speaker,Multiple times a day,0,0,0,0,0,0,0,0,0,0,0,0,0,0,0,0,1,0,0,0,0,0,0,1,0,0,I confirm,I confirm,I confirm,,I searched my user ID number AND I am ready to use the platform.,Read the instructions FIRST,Submit this form,Go to Semantic Chapter and try to find what you were asked before,"Click the ""Get started"" in the next survey once I finish my searches"
631610af8e747093cd90e00d,01/03/2023 15:28:20,1,1,0,0,1,1,1,1,1,1,1,0,1,1,1,1,1,1,1,0,0,1,1,1,1,1,Neither likely or unlikely,Slightly likely,Quite likely,Slightly likely,Quite likely,Quite likely,Extremely likely,Quite likely,Quite likely,Quite likely,Quite likely,Quite likely,Quite likely,Quite likely,Quite likely,The UI was very intuitive; the suggested queries with definitions provided were very useful,Nothing in particular stood out as bad,,01/03/2023 15:15:53,I confirm,High-school level,Native speaker,Multiple times a day,1,1,0,0,1,1,1,0,1,0,1,0,0,1,0,1,1,0,1,0,0,1,0,0,0,1,I confirm,I confirm,I confirm,,I searched my user ID number AND I am ready to use the platform.,Read the instructions FIRST,Submit this form,Go to Semantic Chapter and try to find what you were asked before,"Click the ""Get started"" in the next survey once I finish my searches"
63b1c44ee564eef7558a59b6,01/03/2023 13:08:14,0,0,1,0,0,0,0,1,0,0,0,0,0,1,0,0,1,0,0,0,1,0,1,0,1,0,Quite unlikely,Slightly likely,Slightly likely,Neither likely or unlikely,Slightly unlikely,Quite unlikely,Quite unlikely,Slightly unlikely,Quite unlikely,Neither likely or unlikely,Quite unlikely,Quite unlikely,Slightly likely,Quite unlikely,Slightly unlikely,i thought the search function was good ,it felt very complicated and too much going on on the page and i did not know where to click to get the information i wanted,it would have been better to be given things specifically to search for as it was hard to remember the questions from the survey as it was subjects I had never been in contact with and therefore I was struggling with what to search for ,01/03/2023 12:59:37,I confirm,No knowledge,Native speaker,Multiple times a day,0,0,0,0,0,0,0,0,0,0,0,0,0,0,0,0,1,0,0,0,0,0,0,0,1,0,I confirm,I confirm,I confirm,,I searched my user ID number AND I am ready to use the platform.,"Click the ""Get started"" in the next survey once I finish my searches","Click the ""Get started"" in the next survey once I finish my searches","Click the ""Get started"" in the next survey once I finish my searches","Click the ""Get started"" in the next survey once I finish my searches"
63b80a8b220f924d975670bc,01/03/2023 14:55:39,0,1,1,0,0,1,0,1,0,0,0,1,0,1,0,1,1,1,0,0,0,0,1,1,1,1,Slightly likely,Quite unlikely,Quite unlikely,Quite unlikely,Quite unlikely,Quite unlikely,Slightly unlikely,Quite unlikely,Quite unlikely,Quite unlikely,Quite unlikely,Quite unlikely,Quite unlikely,Quite unlikely,Quite unlikely,the search bar,difficult to find specific information,,01/03/2023 14:41:06,I confirm,No knowledge,Native speaker,Multiple times a day,0,0,0,0,0,0,0,0,0,0,0,0,0,0,0,0,1,0,0,0,0,0,0,0,1,0,I confirm,I confirm,I confirm,,I searched my user ID number AND I am ready to use the platform.,Read the instructions FIRST,Go to Semantic Chapter and try to find what you were asked before,Submit this form,"Click the ""Get started"" in the next survey once I finish my searches"
63bd81465a7246c0da98e4bd,01/03/2023 14:38:40,1,0,1,1,1,1,0,1,0,1,1,0,1,0,1,1,1,1,0,0,0,1,1,1,1,1,Quite unlikely,Quite unlikely,Quite unlikely,Slightly unlikely,Quite unlikely,Extremely unlikely,Quite likely,Quite likely,Extremely likely,Slightly likely,Extremely likely,Extremely likely,Quite unlikely,Quite unlikely,Slightly unlikely,The list of results was easy to read,"Felt extremely limited, a google search reveals the information much faster and in more detail",,01/03/2023 14:28:46,I confirm,High-school level,Native speaker,Eveyday,0,0,1,0,0,0,0,1,1,1,0,0,0,1,1,1,1,0,0,0,0,0,1,1,1,1,I confirm,I confirm,I confirm,,I searched my user ID number AND I am ready to use the platform.,Read the instructions FIRST,Submit this form,Go to Semantic Chapter and try to find what you were asked before,"Click the ""Get started"" in the next survey once I finish my searches"
63c13fcab1eda5bbe034a17c,01/03/2023 16:16:04,0,1,1,1,1,1,1,1,1,1,1,1,0,1,1,1,1,0,1,0,0,1,1,0,1,1,Slightly likely,Quite likely,Extremely likely,Extremely likely,Extremely likely,Quite likely,Slightly likely,Quite likely,Quite likely,Quite likely,Quite likely,Quite likely,Quite likely,Quite likely,Quite likely,Search bar,None,,01/03/2023 15:52:42,I confirm,Bachelor education,Native speaker,Eveyday,0,1,1,0,1,1,1,1,1,0,1,0,0,1,1,1,1,1,1,0,0,0,1,0,1,1,I confirm,I confirm,I confirm,,I searched my user ID number AND I am ready to use the platform.,Read the instructions FIRST,Submit this form,Go to Semantic Chapter and try to find what you were asked before,"Click the ""Get started"" in the next survey once I finish my searches"
63ced717cb553d29a3beac43,01/03/2023 14:03:13,0,1,1,0,0,0,1,0,1,0,0,0,0,1,0,1,1,0,1,0,0,0,1,1,1,1,Slightly likely,Slightly likely,Quite likely,Slightly likely,Quite likely,Slightly likely,Slightly unlikely,Neither likely or unlikely,Slightly unlikely,Neither likely or unlikely,Slightly unlikely,Slightly unlikely,Slightly likely,Slightly likely,Slightly likely,choosing multiple options at once to narrow down,found it hard to select specific information,,01/03/2023 13:51:49,I confirm,No knowledge,Native speaker,Multiple times a day,0,0,0,0,0,0,0,0,0,0,0,0,0,1,0,0,1,0,1,0,0,0,1,0,1,0,I confirm,I confirm,I confirm,,I searched my user ID number AND I am ready to use the platform.,Read the instructions FIRST,Go to Semantic Chapter and try to find what you were asked before,Submit this form,"Click the ""Get started"" in the next survey once I finish my searches"
63cf80c4d375aee306c35b26,01/03/2023 16:06:21,0,0,1,1,0,0,0,1,0,0,0,0,0,0,0,1,0,0,0,0,0,1,1,1,1,1,Extremely likely,Extremely likely,Extremely likely,Extremely likely,Extremely likely,Extremely likely,Extremely likely,Quite likely,Extremely likely,Extremely likely,Extremely likely,Extremely likely,Extremely likely,Extremely likely,Extremely likely,I love how flexible and easy it is to use ,,,01/03/2023 15:34:38,I confirm,Bachelor education,Native speaker,Multiple times a day,0,0,0,0,0,0,0,0,0,0,0,0,0,0,0,0,0,0,0,0,0,0,0,0,0,0,I confirm,I confirm,I confirm,,I searched my user ID number AND I am ready to use the platform.,Read the instructions FIRST,Submit this form,Go to Semantic Chapter and try to find what you were asked before,"Click the ""Get started"" in the next survey once I finish my searches"
63cfffb8815faad4f0619d9d,01/03/2023 13:30:29,0,1,1,0,1,1,1,1,0,0,1,0,1,0,0,0,0,1,1,0,0,0,1,0,1,1,Slightly likely,Quite likely,Quite likely,Quite likely,Quite likely,Quite likely,Quite likely,Quite likely,Quite likely,Quite likely,Quite likely,Quite likely,Quite likely,Quite likely,Quite likely,"the add button on concepts,chapters, and people, as it allows me to add things to my search without needing to search for them.",the concept column doesnt give the full defenition of some of the concepts.,,01/03/2023 13:06:32,I confirm,No knowledge,Native speaker,Multiple times a day,0,0,0,0,0,0,0,0,0,0,0,0,0,0,0,0,0,0,1,0,0,0,0,0,0,0,I confirm,I confirm,I confirm,,I searched my user ID number AND I am ready to use the platform.,Read the instructions FIRST,Submit this form,Go to Semantic Chapter and try to find what you were asked before,"Click the ""Get started"" in the next survey once I finish my searches"
63d3fbb8c9da3aa4f9302827,01/03/2023 14:38:27,0,0,0,0,0,0,0,1,0,0,1,0,0,0,0,1,0,1,0,1,0,0,1,1,1,0,Extremely likely,Extremely likely,Extremely likely,Quite likely,Extremely likely,Slightly likely,Quite unlikely,Neither likely or unlikely,Slightly unlikely,Slightly likely,Extremely likely,Slightly likely,Extremely likely,Quite likely,Extremely likely,The fact that you can easily find what you need ,Slow at times,,01/03/2023 14:31:48,I confirm,No knowledge,Native speaker,Multiple times a day,0,0,0,0,0,1,0,1,0,0,0,1,0,1,0,1,0,1,0,0,0,0,0,1,1,0,I confirm,I confirm,I confirm,,I searched my user ID number AND I am ready to use the platform.,Read the instructions FIRST,Submit this form,Go to Semantic Chapter and try to find what you were asked before,"Click the ""Get started"" in the next survey once I finish my searches"
63d6ffa91ee27accf54cc380,01/03/2023 14:12:07,0,1,1,1,0,1,1,1,1,1,0,0,0,1,0,1,1,1,0,0,0,0,1,1,0,1,Quite unlikely,Slightly unlikely,Neither likely or unlikely,Quite unlikely,Neither likely or unlikely,Slightly likely,Quite likely,Neither likely or unlikely,Slightly unlikely,Neither likely or unlikely,Slightly likely,Slightly likely,Slightly likely,Extremely unlikely,Slightly likely,I liked that you get linked to every single reference from a paper's text which can link you directly to whatever it is. sort of like wikipedia.,initially I wasn't quite sure where to get more knowledge on a person but soon realised that i need to go into their research paper's to find out the information. I think it would be nice to have a bit more information on the description of a person. this would be so you know what paper to start reading based on who the author is.,"personally I think I would use google for more of my searching but if you don't know what you're searching for to start with, then semantic chapter gives you initial information about scientists, sociologists etc.",01/03/2023 13:53:34,I confirm,No knowledge,Native speaker,Multiple times a day,0,0,0,0,0,0,0,0,0,0,0,0,0,0,0,0,1,0,0,0,0,0,1,0,0,0,I confirm,I confirm,I confirm,,I searched my user ID number AND I am ready to use the platform.,Read the instructions FIRST,Submit this form,Go to Semantic Chapter and try to find what you were asked before,"Click the ""Get started"" in the next survey once I finish my searches"
63d7c195a5fb49d5a97bf7d5,01/03/2023 13:23:45,0,1,1,0,0,0,1,0,0,0,0,1,0,1,0,0,0,0,0,0,0,0,1,0,0,0,Quite likely,Quite likely,Slightly likely,Quite likely,Quite likely,Slightly likely,Quite likely,Quite likely,Quite likely,Quite likely,Slightly likely,Quite likely,Quite likely,Slightly likely,Quite likely,I liked the people tab where I could filter results by the thinker quickly.,I wish the chapter part in the middle was more engaging. Just seeing a bunch of repetitive icons with lots of text meant I didn't know which one to click on ,Nope. Thanks for the study!,01/03/2023 12:52:15,I confirm,Master or further education,Native speaker,Eveyday,0,0,0,0,0,0,0,0,0,0,0,0,0,0,0,0,0,0,0,0,0,0,0,0,0,0,I confirm,I confirm,I confirm,,I searched my user ID number AND I am ready to use the platform.,Read the instructions FIRST,Submit this form,Go to Semantic Chapter and try to find what you were asked before,"Click the ""Get started"" in the next survey once I finish my searches"
63d7cd776c3b50b48eabd288,01/03/2023 12:04:41,0,0,1,1,1,0,1,0,1,1,0,1,0,1,0,0,0,0,0,0,0,0,1,0,1,0,Quite likely,Quite likely,Extremely likely,Quite likely,Extremely likely,Extremely likely,Extremely likely,Quite likely,Slightly likely,Neither likely or unlikely,Quite likely,Slightly likely,Slightly likely,Neither likely or unlikely,Quite likely,The ability to load up book chapters,The only way to find good information was through book chapters,no,01/03/2023 11:41:06,I confirm,No knowledge,Native speaker,Multiple times a day,0,0,0,0,0,0,0,0,0,0,0,0,0,0,0,0,0,0,0,0,0,0,1,0,1,0,I confirm,I confirm,I confirm,,I searched my user ID number AND I am ready to use the platform.,Read the instructions FIRST,Submit this form,Go to Semantic Chapter and try to find what you were asked before,"Click the ""Get started"" in the next survey once I finish my searches"
63e39219e05cdb27aac2d821,01/03/2023 16:50:51,1,1,1,0,0,0,0,0,0,0,0,0,0,1,0,0,0,1,0,0,0,0,0,0,1,0,Slightly likely,Quite likely,Quite likely,Quite likely,Quite likely,Quite likely,Quite likely,Slightly likely,Quite likely,Slightly likely,Quite likely,Slightly likely,Extremely likely,Extremely likely,Extremely likely,The suggestions it gave regarding my searches,the columns can be a bit confusing. Especially if you just want to know more about a certain individual. ,,01/03/2023 16:44:15,I confirm,No knowledge,Advanced,Eveyday,-1,-1,-1,-1,-1,-1,-1,-1,-1,-1,-1,-1,-1,-1,-1,-1,-1,-1,-1,-1,-1,-1,-1,-1,0,-1,I confirm,I confirm,I confirm,,I searched my user ID number AND I am ready to use the platform.,Read the instructions FIRST,Submit this form,Go to Semantic Chapter and try to find what you were asked before,"Click the ""Get started"" in the next survey once I finish my searches"
63e51c38b573cd46809e1d72,01/03/2023 11:41:05,1,0,0,1,0,0,1,0,0,0,0,0,0,0,0,0,1,0,0,1,0,0,1,1,1,0,Extremely likely,Quite likely,Slightly likely,Quite likely,Quite likely,Quite likely,Neither likely or unlikely,Neither likely or unlikely,Neither likely or unlikely,Slightly likely,Neither likely or unlikely,Neither likely or unlikely,Quite likely,Slightly likely,Quite likely,The Pop up definitions on the left colum,I found the chapter headings to be confusing ,,01/03/2023 11:33:25,I confirm,No knowledge,Native speaker,Multiple times a day,0,0,0,0,0,0,0,0,0,0,0,0,0,0,0,0,0,0,0,0,0,0,1,1,1,0,I confirm,I confirm,I confirm,,I searched my user ID number AND I am ready to use the platform.,Read the instructions FIRST,Submit this form,Go to Semantic Chapter and try to find what you were asked before,"Click the ""Get started"" in the next survey once I finish my searches"
63e5a0133125d432382a8b70,01/03/2023 13:39:08,0,1,0,0,1,1,0,1,0,0,0,0,0,0,0,0,1,0,1,0,0,0,0,0,1,0,Quite unlikely,Quite unlikely,Slightly likely,Slightly likely,Quite unlikely,Quite unlikely,Slightly unlikely,Quite unlikely,Quite unlikely,Quite unlikely,Quite unlikely,Slightly unlikely,Quite likely,Quite unlikely,Slightly unlikely,There was a lot of information,Too much irrelevant information that I couldn't find what I was looking for,"Many of the terms asked just didn't exist in Semantic Chapter, leaving me to have to guess. I couldn't expand the biography on individuals to learn more about them. I found myself wanting to just Google many of the questions.",01/03/2023 13:24:57,I confirm,No knowledge,Native speaker,Multiple times a day,1,0,0,0,0,0,0,0,0,0,0,0,0,0,0,0,1,0,1,0,0,0,0,0,0,0,I confirm,I confirm,I confirm,,I searched my user ID number AND I am ready to use the platform.,Read the instructions FIRST,Submit this form,Go to Semantic Chapter and try to find what you were asked before,"Click the ""Get started"" in the next survey once I finish my searches"
63e5eb956eab1f2740ac6289,01/03/2023 14:48:28,0,1,1,0,0,0,0,0,0,0,0,0,0,0,0,0,0,0,0,0,1,0,0,0,0,0,Slightly unlikely,Quite unlikely,Slightly unlikely,Slightly unlikely,Slightly unlikely,Neither likely or unlikely,Slightly likely,Quite likely,Quite likely,Neither likely or unlikely,Slightly unlikely,Quite likely,Neither likely or unlikely,Extremely unlikely,Slightly unlikely,Chapters kinda,"Most of it, why when we already got wiki?","I was trying to find answers in chapters from the remarks and most of time i couldn't , everyone in my country back in the early 2000s in school used Wiki it's fast, simple and double checking other websites to confirm yes the information is correct is all i need if i ever wanted to learn about something.",01/03/2023 14:33:47,I confirm,No knowledge,Native speaker,Multiple times a day,0,0,0,0,0,0,0,0,0,0,0,0,0,0,0,0,0,0,0,0,1,1,0,0,0,0,I confirm,I confirm,I confirm,,I searched my user ID number AND I am ready to use the platform.,Read the instructions FIRST,Submit this form,Go to Semantic Chapter and try to find what you were asked before,"Click the ""Get started"" in the next survey once I finish my searches"
63ea42db4a818f990ef95828,01/03/2023 12:55:34,0,0,1,0,1,0,0,1,0,0,0,0,0,0,0,0,0,0,0,0,0,0,0,0,0,0,Quite likely,Quite likely,Quite likely,Slightly likely,Slightly likely,Neither likely or unlikely,Quite likely,Neither likely or unlikely,Slightly likely,Slightly likely,Neither likely or unlikely,Slightly likely,Slightly likely,Neither likely or unlikely,Slightly likely,interace,pop up boxes when enlargening,,01/03/2023 12:49:37,I confirm,No knowledge,Native speaker,Eveyday,0,0,0,0,0,0,0,0,0,0,0,0,0,0,0,0,1,0,0,0,0,0,1,0,1,0,I confirm,I confirm,I confirm,,I searched my user ID number AND I am ready to use the platform.,Read the instructions FIRST,Go to Semantic Chapter and try to find what you were asked before,Submit this form,Go to Semantic Chapter and try to find what you were asked before
63ea4a7fa7d709c8e7887a93,01/03/2023 11:48:20,0,1,1,0,0,1,1,1,1,0,1,0,0,1,0,1,1,0,0,0,0,1,1,1,1,1,Slightly unlikely,Slightly unlikely,Slightly likely,Quite likely,Quite likely,Quite likely,Extremely likely,Quite likely,Extremely likely,Quite likely,Quite likely,Quite likely,Quite likely,Quite likely,Quite likely,The search was fast,website design was too minimal,,01/03/2023 11:38:50,I confirm,High-school level,Native speaker,Multiple times a day,0,0,0,0,0,0,0,0,0,0,0,0,0,1,0,0,1,0,0,0,0,0,1,1,1,0,I confirm,I confirm,I confirm,,I searched my user ID number AND I am ready to use the platform.,Read the instructions FIRST,Go to Semantic Chapter and try to find what you were asked before,"Click the ""Get started"" in the next survey once I finish my searches",Submit this form
63ea4d64095b3286433ed52e,01/03/2023 15:33:16,1,1,1,1,1,1,1,0,1,1,0,0,0,1,0,1,0,0,0,0,0,0,1,0,1,1,Quite likely,Extremely likely,Extremely likely,Extremely likely,Extremely likely,Extremely likely,Quite likely,Quite likely,Extremely likely,Extremely likely,Quite likely,Quite likely,Extremely likely,Quite likely,Extremely likely,The ability to add items to the search,None - it seems a really useful and helpful tool,,01/03/2023 15:11:43,I confirm,No knowledge,Native speaker,Multiple times a day,0,0,0,0,0,0,0,0,0,0,0,0,0,0,0,0,0,0,0,0,0,0,1,1,1,0,I confirm,I confirm,I confirm,,I searched my user ID number AND I am ready to use the platform.,Read the instructions FIRST,Submit this form,Go to Semantic Chapter and try to find what you were asked before,"Click the ""Get started"" in the next survey once I finish my searches"
.,01/03/2023 13:27:40,1,0,0,1,1,0,1,1,0,0,1,0,0,1,0,1,0,0,1,0,0,0,1,0,1,0,Quite likely,Slightly likely,Slightly likely,Slightly likely,Slightly likely,Quite likely,Quite likely,Slightly likely,Quite likely,Slightly likely,Slightly likely,Slightly likely,Quite likely,Slightly likely,Quite likely,"Easy search function, that seemed flexible. E.g. it always tried to find something related to a search term, as opposed to saying 'no results' simply if you got something slightly wrong in your search term.","When expanding a selection to read more, the highlighting of various words made the text difficult to read.","Sometimes when expanding a topic to read more, the text that came up had no punctuation so was therefore difficult to read.",01/03/2023 13:08:31,I confirm,High-school level,Native speaker,Multiple times a day,1,0,0,0,0,0,0,0,0,0,0,0,0,0,0,0,0,0,1,0,0,0,1,0,1,0,I confirm,I confirm,I confirm,,I searched my user ID number AND I am ready to use the platform.,Read the instructions FIRST,Submit this form,Go to Semantic Chapter and try to find what you were asked before,"Click the ""Get started"" in the next survey once I finish my searches"
63ee09a8b6db0d49e7c72de4,01/03/2023 14:47:01,0,1,1,0,0,1,1,0,0,1,1,1,0,1,0,0,1,1,0,0,0,0,1,0,0,1,Slightly likely,Quite likely,Slightly likely,Quite likely,Quite likely,Quite likely,Quite likely,Slightly likely,Quite likely,Quite likely,Quite likely,Slightly likely,Quite likely,Quite likely,Quite likely,adding multiply chapters to help find what i need ,None,None,01/03/2023 14:37:25,I confirm,High-school level,Native speaker,Multiple times a day,0,0,0,0,0,0,0,0,0,0,0,0,0,0,0,0,0,0,0,0,0,0,0,0,0,0,I confirm,I confirm,I confirm,,I searched my user ID number AND I am ready to use the platform.,Read the instructions FIRST,Submit this form,Go to Semantic Chapter and try to find what you were asked before,"Click the ""Get started"" in the next survey once I finish my searches"
63ef94c96aa1debba6d1c407,01/03/2023 16:17:23,0,1,1,1,1,0,1,1,1,1,1,0,1,1,1,1,1,1,1,0,0,1,1,0,1,1,Slightly likely,Quite likely,Quite likely,Quite likely,Slightly likely,Quite likely,Quite likely,Quite likely,Quite likely,Slightly likely,Quite likely,Quite likely,Quite likely,Quite likely,Quite likely,,,,01/03/2023 15:57:11,I confirm,Bachelor education,Advanced,Multiple times a day,0,1,1,1,1,0,1,1,1,1,1,0,1,1,0,1,1,0,1,0,0,0,0,0,1,1,I confirm,I confirm,I confirm,,I searched my user ID number AND I am ready to use the platform.,Read the instructions FIRST,Submit this form,Go to Semantic Chapter and try to find what you were asked before,"Click the ""Get started"" in the next survey once I finish my searches"
IDS,Unnamed: 0_x,0_x,1_x,1.1_x,0.1_x,0.2_x,0.3_x,1.2_x,1.3_x,1.4_x,0.4_x,1.5_x,0.5_x,0.6_x,1.6_x,0.7_x,1.7_x,1.8_x,1.9_x,0.8_x,0.9_x,0.1.1,0.11_x,1.1.1,1.11_x,0.12_x,1.12_x,Unnamed: 28,Unnamed: 29,Unnamed: 30,Unnamed: 31,Unnamed: 32,Unnamed: 33_x,Unnamed: 34_x,Unnamed: 35_x,Unnamed: 36_x,Unnamed: 37_x,Unnamed: 38_x,Unnamed: 39_x,Unnamed: 40_x,Unnamed: 41,Unnamed: 42,Unnamed: 43,Unnamed: 44,Unnamed: 45,Unnamed: 0_y,Unnamed: 1,Unnamed: 3,Unnamed: 4,Unnamed: 5,0_y,1_y,1.1_y,0.1_y,0.2_y,0.3_y,1.2_y,1.3_y,1.4_y,0.4_y,1.5_y,0.5_y,0.6_y,1.6_y,0.7_y,1.7_y,1.8_y,1.9_y,0.8_y,0.9_y,0.1,0.11_y,1.1,1.11_y,0.12_y,1.12_y,1.13,Unnamed: 33_y,Unnamed: 34_y,Unnamed: 35_y,Unnamed: 36_y,Unnamed: 37_y,Unnamed: 38_y,Unnamed: 39_y,Unnamed: 40_y
,,,,,,,,,,,,,,,,,,,,,,,,,,,,,,,,,,,,,,,,,,,,,,,,,,,,,,,,,,,,,,,,,,,,,,,,,,,,,,,,,,,,,
,,,,,,,,,,,,,,,,,,,,,,,,,,,,,,,,,,,,,,,,,,,,,,,,,,,,,,,,,,,,,,,,,,,,,,,,,,,,,,,,,,,,,
,,26,49,60,32,38,36,44,55,46,22,37,9,11,53,22,51,59,46,38,8,6,21,57,39,64,43,,,,,,,,,,,,,,,,,,,,,,,,17,12,16,6,8,8,10,25,17,5,17,0,0,27,6,28,58,10,30,4,6,4,28,32,54,16,,,,,,,,,
,,,,,,,,,,,,,,,,,,,,,,,,,,,,,,,,,,,,,,,,,,,,,,,,,,,,,,,,,,,,,,,,,,,,,,,,,,,,,,,,,,,,,
,,,,,,,,,,,,,,,,,,,,,,,,,,,,,,,,,,,,,,,,,,,,,,,,,,,,,,,,,,,,,,,,,,,,,,,,,,,,,,,,,,,,,
,,,,,,,,,,,,,,,,,,,,,,,,,,,,,,,,,,,,,,,,,,,,,,,,,,,,,,,,,,,,,,,,,,,,,,,,,,,,,,,,,,,,,
,Averages,38.6315789473684,34,,,,,,,,,,,,,,,,,,,,,,,,,,,,,,,,,,,,,,,,,,,,,,,Averages,15.7894736842105,20.5714285714286,,,,,,,,,,,,,,,,,,,,,,,,,,,,,,,,,
,,,,,,,,,,,,,,,,,,,,,,,,,,,,,,,,,,,,,,,,,,,,,,,,,,,,,,,,,,,,,,,,,,,,,,,,,,,,,,,,,,,,,
,,0.449204406364749,0.395348837209302,,,,,,,,,,,,,,,,,,,,,,,,,,,,,,,,,,,,,,,,,,,,,,,,0.18359853121175,0.239202657807309,,,,,,,,,,,,,,,,,,,,,,,,,,,,,,,,,
