26/08/2023 12:55:17,I confirm,6120ec5f9705e01665ca1cbd,No knowledge,Native speaker,Multiple times a day,0,+AC0-1,+AC0-1,+AC0-1,+AC0-1,1,+AC0-1,1,+AC0-1,+AC0-1,+AC0-1,+AC0-1,+AC0-1,+AC0-1,+AC0-1,1,1,+AC0-1,1,1,1,1,1,1,1,+AC0-1,I confirm,I confirm,I searched my user ID number AND I am ready to use the platform.,Read the instructions FIRST,Submit this form,Go to Elastic Chapter and try to find what you were asked before,+ACI-Click the +ACIAIg-Get started+ACIAIg- in the next survey once I finish my searches+ACI-,26/08/2023 12:57:31,1,+AC0-1,+AC0-1,+AC0-1,0,1,+AC0-1,1,+AC0-1,+AC0-1,+AC0-1,+AC0-1,+AC0-1,+AC0-1,+AC0-1,1,1,1,1,1,1,1,1,1,1,+AC0-1
26/08/2023 13:37:50,I confirm,62fb790c53c5e82f4a963c48,Master or further education,Native speaker,Eveyday,1,+AC0-1,+AC0-1,+AC0-1,+AC0-1,+AC0-1,+AC0-1,+AC0-1,+AC0-1,+AC0-1,+AC0-1,+AC0-1,+AC0-1,+AC0-1,+AC0-1,+AC0-1,1,+AC0-1,1,1,1,1,1,1,1,+AC0-1,I confirm,I confirm,I searched my user ID number AND I am ready to use the platform.,Read the instructions FIRST,Submit this form,Go to Elastic Chapter and try to find what you were asked before,+ACI-Click the +ACIAIg-Get started+ACIAIg- in the next survey once I finish my searches+ACI-,26/08/2023 13:39:11,+AC0-1,+AC0-1,1,+AC0-1,+AC0-1,1,+AC0-1,0,0,1,+AC0-1,+AC0-1,1,0,+AC0-1,1,0,+AC0-1,0,1,1,1,1,1,1,1
26/08/2023 14:09:39,I confirm,Evangelos ,High+AC0-school level,Advanced,Multiple times a day,0,+AC0-1,+AC0-1,+AC0-1,1,1,+AC0-1,1,+AC0-1,+AC0-1,0,+AC0-1,+AC0-1,+AC0-1,1,1,0,+AC0-1,0,1,1,0,+AC0-1,1,0,+AC0-1,I confirm,I confirm,I searched my user ID number AND I am ready to use the platform.,Read the instructions FIRST,+ACI-Click the +ACIAIg-Get started+ACIAIg- in the next survey once I finish my searches+ACI-,Go to Elastic Chapter and try to find what you were asked before,Submit this form,26/08/2023 14:08:44,+AC0-1,+AC0-1,+AC0-1,+AC0-1,1,1,+AC0-1,1,+AC0-1,+AC0-1,1,+AC0-1,+AC0-1,+AC0-1,1,1,0,+AC0-1,0,1,1,0,+AC0-1,1,0,+AC0-1
26/08/2023 15:50:54,I confirm,5ea9ac27abf6101099ff0360,No knowledge,Advanced,Multiple times a day,1,+AC0-1,+AC0-1,+AC0-1,+AC0-1,+AC0-1,+AC0-1,+AC0-1,+AC0-1,+AC0-1,+AC0-1,+AC0-1,+AC0-1,+AC0-1,+AC0-1,+AC0-1,+AC0-1,+AC0-1,0,1,+AC0-1,+AC0-1,+AC0-1,+AC0-1,+AC0-1,+AC0-1,I confirm,I confirm,I searched my user ID number AND I am ready to use the platform.,Read the instructions FIRST,Submit this form,Go to Elastic Chapter and try to find what you were asked before,+ACI-Click the +ACIAIg-Get started+ACIAIg- in the next survey once I finish my searches+ACI-,26/08/2023 16:04:03,1,1,+AC0-1,0,+AC0-1,+AC0-1,+AC0-1,+AC0-1,+AC0-1,+AC0-1,+AC0-1,+AC0-1,+AC0-1,+AC0-1,+AC0-1,+AC0-1,+AC0-1,+AC0-1,0,1,1,1,+AC0-1,+AC0-1,0,+AC0-1
26/08/2023 15:54:16,I confirm,60bbc368a316ee5421a1153b,High+AC0-school level,Native speaker,Multiple times a day,1,+AC0-1,+AC0-1,+AC0-1,1,1,+AC0-1,1,+AC0-1,+AC0-1,+AC0-1,+AC0-1,+AC0-1,+AC0-1,+AC0-1,1,1,+AC0-1,0,1,1,+AC0-1,1,1,1,+AC0-1,I confirm,I confirm,I searched my user ID number AND I am ready to use the platform.,Read the instructions FIRST,Submit this form,Go to Elastic Chapter and try to find what you were asked before,+ACI-Click the +ACIAIg-Get started+ACIAIg- in the next survey once I finish my searches+ACI-,26/08/2023 16:35:36,0,0,1,1,1,1,1,1,1,+AC0-1,+AC0-1,1,1,+AC0-1,+AC0-1,1,1,0,0,1,1,1,1,1,+AC0-1,1
26/08/2023 16:11:54,I confirm,5f3869432ee10f387a4ba415,High+AC0-school level,Advanced,Multiple times a day,1,1,1,0,1,1,1,1,+AC0-1,+AC0-1,1,+AC0-1,+AC0-1,+AC0-1,1,1,1,+AC0-1,0,1,0,1,+AC0-1,1,0,1,I confirm,I confirm,I searched my user ID number AND I am ready to use the platform.,+ACI-Click the +ACIAIg-Get started+ACIAIg- in the next survey once I finish my searches+ACI-,+ACI-Click the +ACIAIg-Get started+ACIAIg- in the next survey once I finish my searches+ACI-,+ACI-Click the +ACIAIg-Get started+ACIAIg- in the next survey once I finish my searches+ACI-,+ACI-Click the +ACIAIg-Get started+ACIAIg- in the next survey once I finish my searches+ACI-,26/08/2023 16:09:22,1,1,1,+AC0-1,1,1,1,1,1,1,+AC0-1,1,+AC0-1,+AC0-1,1,1,1,1,0,1,0,+AC0-1,+AC0-1,1,0,1
26/08/2023 16:40:32,I confirm,56cb8858edf8da000b6df354,High+AC0-school level,Native speaker,Multiple times a day,0,+AC0-1,+AC0-1,+AC0-1,+AC0-1,0,+AC0-1,1,+AC0-1,+AC0-1,+AC0-1,+AC0-1,+AC0-1,1,+AC0-1,1,1,+AC0-1,1,1,1,+AC0-1,+AC0-1,+AC0-1,+AC0-1,+AC0-1,I confirm,I confirm,I searched my user ID number AND I am ready to use the platform.,Read the instructions FIRST,Submit this form,Go to Elastic Chapter and try to find what you were asked before,+ACI-Click the +ACIAIg-Get started+ACIAIg- in the next survey once I finish my searches+ACI-,26/08/2023 16:53:38,+AC0-1,+AC0-1,+AC0-1,+AC0-1,0,0,1,1,+AC0-1,+AC0-1,+AC0-1,+AC0-1,+AC0-1,1,1,1,1,+AC0-1,1,1,1,1,+AC0-1,+AC0-1,+AC0-1,+AC0-1
26/08/2023 16:46:39,I confirm,63af557b3d4f219c3226b7d6,No knowledge,Native speaker,Multiple times a day,1,+AC0-1,+AC0-1,+AC0-1,+AC0-1,+AC0-1,+AC0-1,+AC0-1,+AC0-1,+AC0-1,+AC0-1,+AC0-1,+AC0-1,+AC0-1,+AC0-1,+AC0-1,1,+AC0-1,1,1,1,+AC0-1,1,+AC0-1,0,+AC0-1,I confirm,I confirm,I searched my user ID number AND I am ready to use the platform.,Read the instructions FIRST,Go to Elastic Chapter and try to find what you were asked before,Submit this form,+ACI-Click the +ACIAIg-Get started+ACIAIg- in the next survey once I finish my searches+ACI-,26/08/2023 17:09:51,1,0,1,0,1,0,1,1,0,1,1,1,1,1,0,1,1,1,1,1,1,0,1,1,0,1
26/08/2023 17:37:30,I confirm,61644a9055a7fdced6a7aa9c,High+AC0-school level,Native speaker,Multiple times a day,1,+AC0-1,+AC0-1,+AC0-1,1,0,1,1,+AC0-1,+AC0-1,1,+AC0-1,+AC0-1,+AC0-1,+AC0-1,1,1,1,1,1,1,1,1,1,1,1,I confirm,I confirm,I searched my user ID number AND I am ready to use the platform.,Read the instructions FIRST,Submit this form,Go to Elastic Chapter and try to find what you were asked before,+ACI-Click the +ACIAIg-Get started+ACIAIg- in the next survey once I finish my searches+ACI-,26/08/2023 17:32:37,1,+AC0-1,1,1,1,1,+AC0-1,1,+AC0-1,+AC0-1,1,+AC0-1,1,+AC0-1,1,1,1,+AC0-1,1,1,1,1,1,1,1,1
26/08/2023 18:41:22,I confirm,5bc4784e85214800017d8c1a,Bachelor education,Native speaker,Multiple times a day,1,+AC0-1,+AC0-1,+AC0-1,+AC0-1,+AC0-1,+AC0-1,+AC0-1,+AC0-1,+AC0-1,+AC0-1,+AC0-1,+AC0-1,+AC0-1,+AC0-1,+AC0-1,1,+AC0-1,0,+AC0-1,1,+AC0-1,+AC0-1,+AC0-1,0,+AC0-1,I confirm,I confirm,I searched my user ID number AND I am ready to use the platform.,Read the instructions FIRST,Submit this form,Go to Elastic Chapter and try to find what you were asked before,+ACI-Click the +ACIAIg-Get started+ACIAIg- in the next survey once I finish my searches+ACI-,26/08/2023 18:47:50,1,+AC0-1,+AC0-1,+AC0-1,+AC0-1,1,+AC0-1,+AC0-1,+AC0-1,+AC0-1,+AC0-1,+AC0-1,+AC0-1,+AC0-1,+AC0-1,+AC0-1,1,+AC0-1,0,1,1,+AC0-1,+AC0-1,+AC0-1,0,+AC0-1
26/08/2023 18:45:06,I confirm,623478b74666adc4ae9be6ab,High+AC0-school level,Native speaker,Multiple times a day,1,+AC0-1,+AC0-1,+AC0-1,0,+AC0-1,+AC0-1,1,+AC0-1,+AC0-1,+AC0-1,+AC0-1,+AC0-1,1,+AC0-1,+AC0-1,1,0,0,1,1,+AC0-1,1,1,0,+AC0-1,I confirm,I confirm,I searched my user ID number AND I am ready to use the platform.,Read the instructions FIRST,Submit this form,Go to Elastic Chapter and try to find what you were asked before,+ACI-Click the +ACIAIg-Get started+ACIAIg- in the next survey once I finish my searches+ACI-,26/08/2023 18:58:39,1,0,1,+AC0-1,0,0,+AC0-1,1,+AC0-1,+AC0-1,+AC0-1,+AC0-1,+AC0-1,1,+AC0-1,+AC0-1,1,0,0,1,1,+AC0-1,1,1,0,1
26/08/2023 18:47:27,I confirm,615d051e2366aeb051acb734,No knowledge,Advanced,Multiple times a day,1,+AC0-1,+AC0-1,+AC0-1,+AC0-1,+AC0-1,+AC0-1,+AC0-1,+AC0-1,+AC0-1,+AC0-1,+AC0-1,+AC0-1,+AC0-1,+AC0-1,+AC0-1,+AC0-1,+AC0-1,+AC0-1,1,1,0,1,+AC0-1,+AC0-1,+AC0-1,I confirm,I confirm,I searched my user ID number AND I am ready to use the platform.,Read the instructions FIRST,Submit this form,+ACI-Click the +ACIAIg-Get started+ACIAIg- in the next survey once I finish my searches+ACI-,Go to Elastic Chapter and try to find what you were asked before,26/08/2023 18:58:16,1,0,1,0,0,0,1,1,1,1,0,0,1,0,0,1,1,0,1,0,1,0,+AC0-1,0,0,1
26/08/2023 18:48:44,I confirm,5c9a864efb57e6001796ee49,Master or further education,Native speaker,Multiple times a day,1,+AC0-1,+AC0-1,+AC0-1,1,1,+AC0-1,+AC0-1,+AC0-1,+AC0-1,+AC0-1,+AC0-1,+AC0-1,+AC0-1,1,1,1,+AC0-1,1,1,1,1,1,1,1,+AC0-1,I confirm,I confirm,I searched my user ID number AND I am ready to use the platform.,Read the instructions FIRST,Go to Elastic Chapter and try to find what you were asked before,+ACI-Click the +ACIAIg-Get started+ACIAIg- in the next survey once I finish my searches+ACI-,Submit this form,26/08/2023 18:54:33,1,1,1,1,1,1,1,1,1,1,1,1,1,1,1,1,1,1,1,1,1,1,1,1,1,1
26/08/2023 18:48:45,I confirm,631a1795de5efe7d3395caa3,Master or further education,Advanced,Multiple times a day,1,+AC0-1,+AC0-1,+AC0-1,+AC0-1,0,+AC0-1,1,+AC0-1,+AC0-1,+AC0-1,+AC0-1,+AC0-1,1,+AC0-1,+AC0-1,1,+AC0-1,0,1,1,+AC0-1,+AC0-1,1,+AC0-1,+AC0-1,I confirm,I confirm,I searched my user ID number AND I am ready to use the platform.,Read the instructions FIRST,Submit this form,Go to Elastic Chapter and try to find what you were asked before,+ACI-Click the +ACIAIg-Get started+ACIAIg- in the next survey once I finish my searches+ACI-,26/08/2023 18:58:05,1,+AC0-1,1,0,0,0,1,1,1,0,0,+AC0-1,+AC0-1,1,+AC0-1,+AC0-1,1,1,0,1,1,+AC0-1,1,+AC0-1,+AC0-1,+AC0-1
26/08/2023 18:50:23,I confirm,5fc7aa4fd06520000955403f,No knowledge,Advanced,Multiple times a day,+AC0-1,+AC0-1,+AC0-1,+AC0-1,+AC0-1,1,+AC0-1,+AC0-1,+AC0-1,+AC0-1,+AC0-1,+AC0-1,+AC0-1,+AC0-1,+AC0-1,+AC0-1,1,+AC0-1,1,1,1,+AC0-1,1,+AC0-1,+AC0-1,+AC0-1,I confirm,I confirm,I searched my user ID number AND I am ready to use the platform.,Read the instructions FIRST,Go to Elastic Chapter and try to find what you were asked before,+ACI-Click the +ACIAIg-Get started+ACIAIg- in the next survey once I finish my searches+ACI-,Submit this form,26/08/2023 18:48:02,+AC0-1,+AC0-1,+AC0-1,+AC0-1,+AC0-1,+AC0-1,+AC0-1,+AC0-1,+AC0-1,+AC0-1,+AC0-1,+AC0-1,+AC0-1,+AC0-1,+AC0-1,+AC0-1,1,+AC0-1,1,1,1,+AC0-1,1,+AC0-1,+AC0-1,+AC0-1
26/08/2023 18:50:36,I confirm,5d0c90dc3382180015624ad9,High+AC0-school level,Native speaker,Multiple times a day,0,+AC0-1,+AC0-1,+AC0-1,+AC0-1,1,+AC0-1,+AC0-1,+AC0-1,+AC0-1,+AC0-1,+AC0-1,+AC0-1,+AC0-1,+AC0-1,+AC0-1,+AC0-1,+AC0-1,1,1,1,+AC0-1,+AC0-1,+AC0-1,0,+AC0-1,I confirm,I confirm,I searched my user ID number AND I am ready to use the platform.,Read the instructions FIRST,Go to Elastic Chapter and try to find what you were asked before,Go to Elastic Chapter and try to find what you were asked before,Submit this form,26/08/2023 18:48:44,1,+AC0-1,+AC0-1,+AC0-1,+AC0-1,+AC0-1,+AC0-1,+AC0-1,+AC0-1,+AC0-1,+AC0-1,+AC0-1,+AC0-1,+AC0-1,+AC0-1,+AC0-1,+AC0-1,+AC0-1,0,1,1,+AC0-1,+AC0-1,+AC0-1,0,+AC0-1
26/08/2023 18:53:58,I confirm,6413a4a1a6e064ffb173f1ce,High+AC0-school level,Native speaker,Multiple times a day,1,+AC0-1,+AC0-1,+AC0-1,1,1,+AC0-1,+AC0-1,+AC0-1,+AC0-1,+AC0-1,+AC0-1,+AC0-1,+AC0-1,+AC0-1,+AC0-1,1,+AC0-1,1,1,1,+AC0-1,1,+AC0-1,0,+AC0-1,I confirm,I confirm,I searched my user ID number AND I am ready to use the platform.,Read the instructions FIRST,Submit this form,Go to Elastic Chapter and try to find what you were asked before,+ACI-Click the +ACIAIg-Get started+ACIAIg- in the next survey once I finish my searches+ACI-,26/08/2023 19:08:15,1,1,1,0,1,1,0,0,1,+AC0-1,1,1,1,+AC0-1,0,1,1,1,1,1,1,+AC0-1,1,1,0,1
26/08/2023 18:54:09,I confirm,61745873a2f7b9c2ebeaec5f,No knowledge,Native speaker,Multiple times a day,1,+AC0-1,+AC0-1,+AC0-1,1,1,+AC0-1,+AC0-1,+AC0-1,+AC0-1,1,+AC0-1,+AC0-1,1,1,+AC0-1,1,+AC0-1,1,1,0,+AC0-1,1,1,0,+AC0-1,I confirm,I confirm,I searched my user ID number AND I am ready to use the platform.,Submit this form,Read the instructions FIRST,Go to Elastic Chapter and try to find what you were asked before,+ACI-Click the +ACIAIg-Get started+ACIAIg- in the next survey once I finish my searches+ACI-,26/08/2023 19:00:36,1,1,1,0,1,1,1,+AC0-1,1,1,1,0,0,1,1,+AC0-1,1,+AC0-1,+AC0-1,1,1,1,+AC0-1,1,0,0
26/08/2023 18:54:43,I confirm,611e2078cadc8161a119af67,High+AC0-school level,Native speaker,Multiple times a day,1,+AC0-1,+AC0-1,+AC0-1,0,1,+AC0-1,1,1,+AC0-1,1,+AC0-1,+AC0-1,1,0,1,1,+AC0-1,1,1,1,+AC0-1,+AC0-1,1,0,+AC0-1,I confirm,I confirm,I searched my user ID number AND I am ready to use the platform.,Read the instructions FIRST,Submit this form,Go to Elastic Chapter and try to find what you were asked before,+ACI-Click the +ACIAIg-Get started+ACIAIg- in the next survey once I finish my searches+ACI-,26/08/2023 19:11:33,1,1,1,0,0,0,1,1,1,0,+AC0-1,1,1,1,1,1,1,1,1,1,1,1,+AC0-1,1,0,1
26/08/2023 18:54:57,I confirm,5f01b7e94738d231487f2911,No knowledge,Advanced,Multiple times a day,1,+AC0-1,+AC0-1,+AC0-1,1,0,+AC0-1,1,+AC0-1,+AC0-1,0,+AC0-1,+AC0-1,1,1,1,1,+AC0-1,0,1,1,+AC0-1,0,+AC0-1,0,+AC0-1,I confirm,I confirm,I searched my user ID number AND I am ready to use the platform.,Read the instructions FIRST,Submit this form,Go to Elastic Chapter and try to find what you were asked before,+ACI-Click the +ACIAIg-Get started+ACIAIg- in the next survey once I finish my searches+ACI-,26/08/2023 19:12:01,1,0,1,0,0,0,1,1,1,+AC0-1,0,0,1,1,0,1,0,0,0,0,0,1,1,0,0,1
26/08/2023 23:16:37,I confirm,5f01b7e94738d231487f2911,No knowledge,Advanced,Multiple times a day,1,+AC0-1,+AC0-1,+AC0-1,1,1,+AC0-1,0,+AC0-1,+AC0-1,1,+AC0-1,+AC0-1,1,0,1,1,+AC0-1,1,1,1,1,0,0,0,+AC0-1,I confirm,I confirm,I searched my user ID number AND I am ready to use the platform.,Read the instructions FIRST,Submit this form,Go to Elastic Chapter and try to find what you were asked before,+ACI-Click the +ACIAIg-Get started+ACIAIg- in the next survey once I finish my searches+ACI-,26/08/2023 19:12:01,1,0,1,0,0,0,1,1,1,+AC0-1,0,0,1,1,0,1,0,0,0,0,0,1,1,0,0,1
26/08/2023 18:55:09,I confirm,5ee8b6dbac5fa1054ebd60a7,High+AC0-school level,Advanced,Multiple times a day,1,1,1,0,+AC0-1,0,1,+AC0-1,1,+AC0-1,+AC0-1,+AC0-1,1,+AC0-1,1,1,1,+AC0-1,+AC0-1,1,0,+AC0-1,1,1,0,1,I confirm,I confirm,I searched my user ID number AND I am ready to use the platform.,Read the instructions FIRST,Submit this form,Go to Elastic Chapter and try to find what you were asked before,+ACI-Click the +ACIAIg-Get started+ACIAIg- in the next survey once I finish my searches+ACI-,26/08/2023 19:05:26,1,1,1,0,+AC0-1,0,1,+AC0-1,1,1,1,1,1,1,1,1,1,1,1,1,0,0,1,1,0,1
26/08/2023 18:55:27,I confirm,5f70f2daea9a9f7076484982,No knowledge,Advanced,Eveyday,1,+AC0-1,+AC0-1,+AC0-1,+AC0-1,1,+AC0-1,+AC0-1,+AC0-1,+AC0-1,+AC0-1,+AC0-1,+AC0-1,+AC0-1,+AC0-1,+AC0-1,1,+AC0-1,1,1,1,+AC0-1,+AC0-1,1,0,+AC0-1,I confirm,I confirm,I searched my user ID number AND I am ready to use the platform.,Read the instructions FIRST,Go to Elastic Chapter and try to find what you were asked before,+ACI-Click the +ACIAIg-Get started+ACIAIg- in the next survey once I finish my searches+ACI-,Submit this form,26/08/2023 19:05:15,1,+AC0-1,1,+AC0-1,1,+AC0-1,1,1,1,1,+AC0-1,1,1,+AC0-1,1,1,1,+AC0-1,1,1,1,+AC0-1,+AC0-1,1,0,+AC0-1
26/08/2023 18:55:55,I confirm,5f2a12f5837dd81e5881b7cc,High+AC0-school level,Native speaker,Multiple times a day,+AC0-1,+AC0-1,+AC0-1,+AC0-1,+AC0-1,+AC0-1,+AC0-1,+AC0-1,+AC0-1,+AC0-1,+AC0-1,+AC0-1,+AC0-1,+AC0-1,+AC0-1,+AC0-1,1,+AC0-1,0,+AC0-1,+AC0-1,+AC0-1,+AC0-1,1,0,+AC0-1,I confirm,I confirm,I searched my user ID number AND I am ready to use the platform.,Read the instructions FIRST,Submit this form,Go to Elastic Chapter and try to find what you were asked before,+ACI-Click the +ACIAIg-Get started+ACIAIg- in the next survey once I finish my searches+ACI-,26/08/2023 19:12:51,1,0,1,0,0,1,1,+AC0-1,1,1,+AC0-1,+AC0-1,1,1,1,1,1,1,0,1,1,+AC0-1,+AC0-1,1,1,1
26/08/2023 19:37:48,I confirm,5f2a12f5837dd81e5881b7cc,High+AC0-school level,Native speaker,Multiple times a day,+AC0-1,+AC0-1,+AC0-1,+AC0-1,+AC0-1,+AC0-1,+AC0-1,+AC0-1,+AC0-1,+AC0-1,+AC0-1,+AC0-1,+AC0-1,+AC0-1,+AC0-1,+AC0-1,+AC0-1,+AC0-1,+AC0-1,+AC0-1,+AC0-1,+AC0-1,+AC0-1,1,0,+AC0-1,I confirm,I confirm,I searched my user ID number AND I am ready to use the platform.,Read the instructions FIRST,Submit this form,Go to Elastic Chapter and try to find what you were asked before,+ACI-Click the +ACIAIg-Get started+ACIAIg- in the next survey once I finish my searches+ACI-,26/08/2023 19:12:51,1,0,1,0,0,1,1,+AC0-1,1,1,+AC0-1,+AC0-1,1,1,1,1,1,1,0,1,1,+AC0-1,+AC0-1,1,1,1
26/08/2023 18:57:50,I confirm,59dbbdce5de9b000017ebf19,High+AC0-school level,Advanced,Multiple times a day,1,+AC0-1,+AC0-1,+AC0-1,+AC0-1,1,+AC0-1,+AC0-1,+AC0-1,+AC0-1,+AC0-1,+AC0-1,+AC0-1,+AC0-1,+AC0-1,+AC0-1,0,+AC0-1,0,1,1,0,1,+AC0-1,0,+AC0-1,I confirm,I confirm,I searched my user ID number AND I am ready to use the platform.,Read the instructions FIRST,Submit this form,Go to Elastic Chapter and try to find what you were asked before,+ACI-Click the +ACIAIg-Get started+ACIAIg- in the next survey once I finish my searches+ACI-,26/08/2023 19:08:16,1,1,1,0,0,0,1,1,1,1,1,0,1,1,0,1,1,1,0,1,1,0,1,0,0,1
26/08/2023 19:47:22,I confirm,59dbbdce5de9b000017ebf19,High+AC0-school level,Advanced,Multiple times a day,+AC0-1,+AC0-1,+AC0-1,+AC0-1,+AC0-1,+AC0-1,+AC0-1,+AC0-1,+AC0-1,+AC0-1,+AC0-1,+AC0-1,+AC0-1,+AC0-1,+AC0-1,+AC0-1,+AC0-1,+AC0-1,+AC0-1,1,1,0,1,0,0,+AC0-1,I confirm,I confirm,I searched my user ID number AND I am ready to use the platform.,Read the instructions FIRST,Submit this form,Go to Elastic Chapter and try to find what you were asked before,+ACI-Click the +ACIAIg-Get started+ACIAIg- in the next survey once I finish my searches+ACI-,26/08/2023 19:08:16,1,1,1,0,0,0,1,1,1,1,1,0,1,1,0,1,1,1,0,1,1,0,1,0,0,1
26/08/2023 18:58:05,I confirm,5ff08b91173bfbf5f60a2d15,High+AC0-school level,Native speaker,Multiple times a day,1,+AC0-1,+AC0-1,+AC0-1,+AC0-1,1,+AC0-1,+AC0-1,+AC0-1,+AC0-1,1,+AC0-1,+AC0-1,1,+AC0-1,+AC0-1,1,+AC0-1,0,1,1,+AC0-1,1,1,0,+AC0-1,I confirm,I confirm,I searched my user ID number AND I am ready to use the platform.,Read the instructions FIRST,Submit this form,Go to Elastic Chapter and try to find what you were asked before,+ACI-Click the +ACIAIg-Get started+ACIAIg- in the next survey once I finish my searches+ACI-,26/08/2023 19:05:06,1,1,1,+AC0-1,0,1,1,1,1,1,1,+AC0-1,1,1,1,1,1,1,0,1,1,1,1,1,0,1
26/08/2023 19:01:43,I confirm,63469effac5117e39352c13b,No knowledge,Native speaker,Multiple times a day,0,0,1,+AC0-1,1,1,+AC0-1,+AC0-1,+AC0-1,+AC0-1,+AC0-1,+AC0-1,1,0,1,1,1,+AC0-1,1,1,1,+AC0-1,1,1,0,+AC0-1,I confirm,I confirm,I searched my user ID number AND I am ready to use the platform.,Read the instructions FIRST,Submit this form,Go to Elastic Chapter and try to find what you were asked before,+ACI-Click the +ACIAIg-Get started+ACIAIg- in the next survey once I finish my searches+ACI-,26/08/2023 19:03:10,1,1,1,0,0,1,0,1,1,1,+AC0-1,1,1,0,0,1,1,1,1,1,1,0,1,1,0,1
26/08/2023 19:01:43,I confirm,63469effac5117e39352c13b,No knowledge,Native speaker,Multiple times a day,0,0,1,+AC0-1,1,1,+AC0-1,+AC0-1,+AC0-1,+AC0-1,+AC0-1,+AC0-1,1,0,1,1,1,+AC0-1,1,1,1,+AC0-1,1,1,0,+AC0-1,I confirm,I confirm,I searched my user ID number AND I am ready to use the platform.,Read the instructions FIRST,Submit this form,Go to Elastic Chapter and try to find what you were asked before,+ACI-Click the +ACIAIg-Get started+ACIAIg- in the next survey once I finish my searches+ACI-,26/08/2023 22:19:00,1,0,1,0,0,1,1,1,1,0,1,0,0,0,0,1,1,0,1,1,1,0,1,1,0,1
26/08/2023 20:45:06,I confirm,63469effac5117e39352c13b,No knowledge,Native speaker,Multiple times a day,1,+AC0-1,+AC0-1,+AC0-1,+AC0-1,+AC0-1,0,1,+AC0-1,+AC0-1,+AC0-1,+AC0-1,+AC0-1,0,0,1,1,+AC0-1,+AC0-1,1,1,+AC0-1,1,1,0,+AC0-1,I confirm,I confirm,I searched my user ID number AND I am ready to use the platform.,Read the instructions FIRST,Submit this form,Go to Elastic Chapter and try to find what you were asked before,+ACI-Click the +ACIAIg-Get started+ACIAIg- in the next survey once I finish my searches+ACI-,26/08/2023 19:03:10,1,1,1,0,0,1,0,1,1,1,+AC0-1,1,1,0,0,1,1,1,1,1,1,0,1,1,0,1
26/08/2023 20:45:06,I confirm,63469effac5117e39352c13b,No knowledge,Native speaker,Multiple times a day,1,+AC0-1,+AC0-1,+AC0-1,+AC0-1,+AC0-1,0,1,+AC0-1,+AC0-1,+AC0-1,+AC0-1,+AC0-1,0,0,1,1,+AC0-1,+AC0-1,1,1,+AC0-1,1,1,0,+AC0-1,I confirm,I confirm,I searched my user ID number AND I am ready to use the platform.,Read the instructions FIRST,Submit this form,Go to Elastic Chapter and try to find what you were asked before,+ACI-Click the +ACIAIg-Get started+ACIAIg- in the next survey once I finish my searches+ACI-,26/08/2023 22:19:00,1,0,1,0,0,1,1,1,1,0,1,0,0,0,0,1,1,0,1,1,1,0,1,1,0,1
26/08/2023 19:02:29,I confirm,5f480ae988eb7429641eae29,No knowledge,Native speaker,Multiple times a day,1,+AC0-1,+AC0-1,+AC0-1,+AC0-1,+AC0-1,+AC0-1,+AC0-1,+AC0-1,+AC0-1,+AC0-1,+AC0-1,+AC0-1,+AC0-1,+AC0-1,+AC0-1,1,+AC0-1,+AC0-1,1,1,+AC0-1,+AC0-1,+AC0-1,+AC0-1,+AC0-1,I confirm,I confirm,I searched my user ID number AND I am ready to use the platform.,Read the instructions FIRST,Submit this form,Go to Elastic Chapter and try to find what you were asked before,+ACI-Click the +ACIAIg-Get started+ACIAIg- in the next survey once I finish my searches+ACI-,26/08/2023 19:16:46,1,0,1,0,0,0,1,1,1,+AC0-1,+AC0-1,1,1,1,1,1,1,1,1,1,1,1,0,+AC0-1,0,1
26/08/2023 19:29:21,I confirm,5f480ae988eb7429641eae29,No knowledge,Native speaker,Multiple times a day,1,+AC0-1,+AC0-1,+AC0-1,+AC0-1,+AC0-1,+AC0-1,+AC0-1,+AC0-1,+AC0-1,+AC0-1,+AC0-1,+AC0-1,+AC0-1,+AC0-1,+AC0-1,1,+AC0-1,+AC0-1,1,1,+AC0-1,+AC0-1,+AC0-1,+AC0-1,+AC0-1,I confirm,I confirm,I searched my user ID number AND I am ready to use the platform.,Read the instructions FIRST,Submit this form,Go to Elastic Chapter and try to find what you were asked before,+ACI-Click the +ACIAIg-Get started+ACIAIg- in the next survey once I finish my searches+ACI-,26/08/2023 19:16:46,1,0,1,0,0,0,1,1,1,+AC0-1,+AC0-1,1,1,1,1,1,1,1,1,1,1,1,0,+AC0-1,0,1
26/08/2023 19:09:43,I confirm,6023ac8c079602246a730ad4,No knowledge,Advanced,Multiple times a day,0,+AC0-1,+AC0-1,+AC0-1,+AC0-1,1,+AC0-1,1,+AC0-1,+AC0-1,1,+AC0-1,+AC0-1,1,+AC0-1,+AC0-1,1,+AC0-1,+AC0-1,+AC0-1,1,+AC0-1,1,0,+AC0-1,+AC0-1,I confirm,I confirm,I searched my user ID number AND I am ready to use the platform.,Read the instructions FIRST,Submit this form,Go to Elastic Chapter and try to find what you were asked before,+ACI-Click the +ACIAIg-Get started+ACIAIg- in the next survey once I finish my searches+ACI-,26/08/2023 19:16:50,0,1,+AC0-1,0,0,+AC0-1,1,0,+AC0-1,+AC0-1,+AC0-1,+AC0-1,+AC0-1,+AC0-1,1,+AC0-1,1,+AC0-1,0,1,1,0,0,+AC0-1,+AC0-1,+AC0-1
26/08/2023 19:10:43,I confirm,5ed377271691ea000c548cb0,High+AC0-school level,Advanced,Multiple times a day,0,1,1,1,+AC0-1,1,1,1,1,+AC0-1,+AC0-1,1,0,+AC0-1,+AC0-1,+AC0-1,1,0,0,0,0,+AC0-1,0,0,1,1,I confirm,I confirm,I searched my user ID number AND I am ready to use the platform.,Read the instructions FIRST,+ACI-Click the +ACIAIg-Get started+ACIAIg- in the next survey once I finish my searches+ACI-,Go to Elastic Chapter and try to find what you were asked before,Submit this form,26/08/2023 19:12:33,1,1,+AC0-1,1,1,1,1,+AC0-1,1,1,1,1,1,1,+AC0-1,+AC0-1,1,1,1,1,1,+AC0-1,0,+AC0-1,1,1
26/08/2023 19:12:32,I confirm,616093ab4117242c856402c6,High+AC0-school level,Native speaker,Multiple times a day,1,+AC0-1,1,1,1,1,+AC0-1,1,+AC0-1,+AC0-1,1,1,1,+AC0-1,1,1,1,+AC0-1,1,1,+AC0-1,+AC0-1,1,1,0,1,I confirm,I confirm,I searched my user ID number AND I am ready to use the platform.,Read the instructions FIRST,Go to Elastic Chapter and try to find what you were asked before,Submit this form,+ACI-Click the +ACIAIg-Get started+ACIAIg- in the next survey once I finish my searches+ACI-,26/08/2023 19:16:59,1,1,+AC0-1,+AC0-1,1,1,+AC0-1,1,1,+AC0-1,+AC0-1,1,1,1,1,1,1,+AC0-1,1,1,+AC0-1,+AC0-1,1,1,0,+AC0-1
26/08/2023 19:12:32,I confirm,616093ab4117242c856402c6,High+AC0-school level,Native speaker,Multiple times a day,1,+AC0-1,1,1,1,1,+AC0-1,1,+AC0-1,+AC0-1,1,1,1,+AC0-1,1,1,1,+AC0-1,1,1,+AC0-1,+AC0-1,1,1,0,1,I confirm,I confirm,I searched my user ID number AND I am ready to use the platform.,Read the instructions FIRST,Go to Elastic Chapter and try to find what you were asked before,Submit this form,+ACI-Click the +ACIAIg-Get started+ACIAIg- in the next survey once I finish my searches+ACI-,26/08/2023 19:36:30,1,+AC0-1,+AC0-1,1,1,1,+AC0-1,1,+AC0-1,+AC0-1,1,1,1,1,1,1,1,1,1,1,+AC0-1,+AC0-1,1,1,0,1
26/08/2023 19:31:20,I confirm,616093ab4117242c856402c6,High+AC0-school level,Native speaker,Multiple times a day,1,+AC0-1,+AC0-1,1,1,1,+AC0-1,+AC0-1,+AC0-1,1,1,+AC0-1,1,1,1,1,1,+AC0-1,1,1,+AC0-1,+AC0-1,1,1,0,+AC0-1,I confirm,I confirm,I searched my user ID number AND I am ready to use the platform.,Read the instructions FIRST,Submit this form,Go to Elastic Chapter and try to find what you were asked before,+ACI-Click the +ACIAIg-Get started+ACIAIg- in the next survey once I finish my searches+ACI-,26/08/2023 19:16:59,1,1,+AC0-1,+AC0-1,1,1,+AC0-1,1,1,+AC0-1,+AC0-1,1,1,1,1,1,1,+AC0-1,1,1,+AC0-1,+AC0-1,1,1,0,+AC0-1
26/08/2023 19:31:20,I confirm,616093ab4117242c856402c6,High+AC0-school level,Native speaker,Multiple times a day,1,+AC0-1,+AC0-1,1,1,1,+AC0-1,+AC0-1,+AC0-1,1,1,+AC0-1,1,1,1,1,1,+AC0-1,1,1,+AC0-1,+AC0-1,1,1,0,+AC0-1,I confirm,I confirm,I searched my user ID number AND I am ready to use the platform.,Read the instructions FIRST,Submit this form,Go to Elastic Chapter and try to find what you were asked before,+ACI-Click the +ACIAIg-Get started+ACIAIg- in the next survey once I finish my searches+ACI-,26/08/2023 19:36:30,1,+AC0-1,+AC0-1,1,1,1,+AC0-1,1,+AC0-1,+AC0-1,1,1,1,1,1,1,1,1,1,1,+AC0-1,+AC0-1,1,1,0,1
26/08/2023 19:13:13,I confirm,63d508e7cfc3204304a949e2,High+AC0-school level,Native speaker,Multiple times a day,0,1,+AC0-1,+AC0-1,+AC0-1,+AC0-1,1,+AC0-1,+AC0-1,+AC0-1,+AC0-1,+AC0-1,+AC0-1,+AC0-1,+AC0-1,+AC0-1,+AC0-1,+AC0-1,+AC0-1,1,1,0,+AC0-1,+AC0-1,0,+AC0-1,I confirm,I confirm,I searched my user ID number AND I am ready to use the platform.,Read the instructions FIRST,Submit this form,Go to Elastic Chapter and try to find what you were asked before,+ACI-Click the +ACIAIg-Get started+ACIAIg- in the next survey once I finish my searches+ACI-,26/08/2023 19:32:49,0,0,1,0,0,0,1,1,1,1,1,0,1,1,0,1,1,1,0,1,1,0,1,0,0,1
26/08/2023 19:17:26,I confirm,5abc11e6e1099600016a3097,High+AC0-school level,Native speaker,Multiple times a day,1,+AC0-1,+AC0-1,+AC0-1,0,+AC0-1,+AC0-1,+AC0-1,+AC0-1,+AC0-1,+AC0-1,+AC0-1,+AC0-1,+AC0-1,+AC0-1,+AC0-1,1,+AC0-1,+AC0-1,1,1,0,+AC0-1,1,0,+AC0-1,I confirm,I confirm,I searched my user ID number AND I am ready to use the platform.,Read the instructions FIRST,Submit this form,Go to Elastic Chapter and try to find what you were asked before,+ACI-Click the +ACIAIg-Get started+ACIAIg- in the next survey once I finish my searches+ACI-,26/08/2023 19:20:14,1,1,1,+AC0-1,+AC0-1,+AC0-1,1,+AC0-1,+AC0-1,+AC0-1,+AC0-1,+AC0-1,0,+AC0-1,0,0,1,+AC0-1,+AC0-1,1,+AC0-1,1,0,1,0,+AC0-1
26/08/2023 19:22:48,I confirm,61254c5a6facc8ed023a64de,No knowledge,Mid or low level,Multiple times a day,1,+AC0-1,+AC0-1,+AC0-1,+AC0-1,0,+AC0-1,1,+AC0-1,+AC0-1,1,+AC0-1,1,1,+AC0-1,+AC0-1,1,+AC0-1,0,1,1,1,+AC0-1,0,0,+AC0-1,I confirm,I confirm,I searched my user ID number AND I am ready to use the platform.,Read the instructions FIRST,Submit this form,Go to Elastic Chapter and try to find what you were asked before,+ACI-Click the +ACIAIg-Get started+ACIAIg- in the next survey once I finish my searches+ACI-,26/08/2023 19:22:29,1,0,1,0,0,0,1,1,1,+AC0-1,+AC0-1,1,+AC0-1,0,1,+AC0-1,1,1,0,1,1,0,1,0,0,1
26/08/2023 19:32:31,I confirm,5ed042d7d3825010f1ec701f,High+AC0-school level,Advanced,Multiple times a day,1,1,+AC0-1,+AC0-1,0,0,1,+AC0-1,+AC0-1,+AC0-1,+AC0-1,+AC0-1,+AC0-1,1,0,1,1,+AC0-1,1,1,0,1,+AC0-1,1,+AC0-1,+AC0-1,I confirm,I confirm,I searched my user ID number AND I am ready to use the platform.,Read the instructions FIRST,Submit this form,Go to Elastic Chapter and try to find what you were asked before,+ACI-Click the +ACIAIg-Get started+ACIAIg- in the next survey once I finish my searches+ACI-,26/08/2023 19:40:48,1,1,+AC0-1,1,1,+AC0-1,1,1,+AC0-1,+AC0-1,+AC0-1,+AC0-1,+AC0-1,+AC0-1,0,0,1,+AC0-1,1,1,+AC0-1,+AC0-1,1,1,0,1
26/08/2023 19:32:51,I confirm,60a0b744298c64d46b63e893,High+AC0-school level,Native speaker,Multiple times a day,1,+AC0-1,+AC0-1,+AC0-1,1,1,+AC0-1,1,1,+AC0-1,1,+AC0-1,1,1,1,1,1,+AC0-1,1,1,1,+AC0-1,1,1,0,+AC0-1,I confirm,I confirm,I searched my user ID number AND I am ready to use the platform.,Read the instructions FIRST,Submit this form,Go to Elastic Chapter and try to find what you were asked before,+ACI-Click the +ACIAIg-Get started+ACIAIg- in the next survey once I finish my searches+ACI-,26/08/2023 19:55:08,1,0,1,0,0,0,1,1,0,1,1,1,1,1,1,1,1,0,1,1,1,1,1,1,0,1
26/08/2023 19:33:04,I confirm,615dbec57d764bf5ab0a56e5,Bachelor education,Native speaker,Multiple times a day,0,1,1,0,0,0,1,1,1,1,1,1,1,1,0,1,1,1,0,1,1,0,1,0,0,1,I confirm,I confirm,I searched my user ID number AND I am ready to use the platform.,Read the instructions FIRST,Submit this form,Go to Elastic Chapter and try to find what you were asked before,+ACI-Click the +ACIAIg-Get started+ACIAIg- in the next survey once I finish my searches+ACI-,26/08/2023 19:40:05,0,1,1,0,0,0,1,1,1,1,1,1,1,1,0,1,1,1,0,1,1,0,1,0,0,1
26/08/2023 19:37:54,I confirm,5fa4c21a04bc5912180291bc,No knowledge,Native speaker,Multiple times a day,1,+AC0-1,+AC0-1,+AC0-1,1,1,+AC0-1,1,+AC0-1,+AC0-1,+AC0-1,+AC0-1,+AC0-1,1,1,1,1,+AC0-1,+AC0-1,1,1,1,+AC0-1,+AC0-1,0,+AC0-1,I confirm,I confirm,I searched my user ID number AND I am ready to use the platform.,Read the instructions FIRST,Submit this form,Go to Elastic Chapter and try to find what you were asked before,+ACI-Click the +ACIAIg-Get started+ACIAIg- in the next survey once I finish my searches+ACI-,26/08/2023 20:41:18,1,1,1,0,0,0,1,1,1,0,0,0,0,1,0,1,1,0,0,0,1,1,+AC0-1,1,+AC0-1,1
26/08/2023 19:55:31,I confirm,637f7c23658dbd7bcdd9e193,No knowledge,Native speaker,Multiple times a day,1,+AC0-1,+AC0-1,+AC0-1,+AC0-1,1,+AC0-1,+AC0-1,+AC0-1,+AC0-1,+AC0-1,+AC0-1,+AC0-1,1,+AC0-1,1,1,+AC0-1,+AC0-1,+AC0-1,+AC0-1,+AC0-1,1,1,1,+AC0-1,I confirm,I confirm,I searched my user ID number AND I am ready to use the platform.,Read the instructions FIRST,Submit this form,Go to Elastic Chapter and try to find what you were asked before,+ACI-Click the +ACIAIg-Get started+ACIAIg- in the next survey once I finish my searches+ACI-,26/08/2023 20:30:03,1,1,1,1,0,1,1,1,1,1,+AC0-1,+AC0-1,1,1,0,1,1,+AC0-1,1,1,1,1,0,1,1,1
26/08/2023 20:20:22,I confirm,63e64a2f026aa246a551d451,High+AC0-school level,Native speaker,Eveyday,1,1,1,0,0,0,1,1,1,1,1,0,1,1,0,1,1,0,0,1,1,0,1,0,0,1,I confirm,I confirm,I searched my user ID number AND I am ready to use the platform.,Read the instructions FIRST,Submit this form,Go to Elastic Chapter and try to find what you were asked before,+ACI-Click the +ACIAIg-Get started+ACIAIg- in the next survey once I finish my searches+ACI-,26/08/2023 20:15:47,1,1,1,0,0,0,1,0,0,1,0,0,1,0,0,0,0,0,0,1,1,0,0,0,1,1
26/08/2023 20:40:27,I confirm,64e75f2840558b9d1637f4c9,No knowledge,Native speaker,Eveyday,1,1,1,0,+AC0-1,+AC0-1,1,+AC0-1,1,+AC0-1,1,+AC0-1,0,+AC0-1,1,1,1,+AC0-1,0,1,0,0,1,0,0,+AC0-1,I confirm,I confirm,I searched my user ID number AND I am ready to use the platform.,Read the instructions FIRST,Submit this form,Go to Elastic Chapter and try to find what you were asked before,+ACI-Click the +ACIAIg-Get started+ACIAIg- in the next survey once I finish my searches+ACI-,26/08/2023 20:48:16,1,1,1,0,0,1,1,1,0,1,1,+AC0-1,0,1,0,1,1,1,1,1,0,0,+AC0-1,0,0,0
26/08/2023 21:13:59,I confirm,607081b0ecb2499634a349dd,High+AC0-school level,Native speaker,Multiple times a day,1,+AC0-1,1,+AC0-1,+AC0-1,+AC0-1,1,1,+AC0-1,+AC0-1,1,+AC0-1,1,+AC0-1,+AC0-1,1,+AC0-1,1,1,1,+AC0-1,1,0,1,+AC0-1,1,I confirm,I confirm,I searched my user ID number AND I am ready to use the platform.,Read the instructions FIRST,Go to Elastic Chapter and try to find what you were asked before,Submit this form,+ACI-Click the +ACIAIg-Get started+ACIAIg- in the next survey once I finish my searches+ACI-,26/08/2023 21:12:25,1,+AC0-1,+AC0-1,+AC0-1,+AC0-1,1,1,1,+AC0-1,+AC0-1,+AC0-1,1,1,+AC0-1,1,1,+AC0-1,1,1,1,+AC0-1,1,0,+AC0-1,1,1
26/08/2023 21:14:27,I confirm,6318ec19888839dfc0b4d5c8,High+AC0-school level,Native speaker,Multiple times a day,1,0,1,1,0,1,+AC0-1,1,+AC0-1,1,1,+AC0-1,+AC0-1,+AC0-1,0,1,0,+AC0-1,1,1,1,0,+AC0-1,1,0,+AC0-1,I confirm,I confirm,I searched my user ID number AND I am ready to use the platform.,Read the instructions FIRST,Go to Elastic Chapter and try to find what you were asked before,+ACI-Click the +ACIAIg-Get started+ACIAIg- in the next survey once I finish my searches+ACI-,Submit this form,26/08/2023 21:18:47,1,1,0,1,1,0,1,1,1,0,1,1,1,+AC0-1,0,1,0,+AC0-1,+AC0-1,1,1,0,+AC0-1,1,0,1
26/08/2023 21:20:22,I confirm,64012d43d30e0fdefe7ad5d2,No knowledge,Native speaker,Multiple times a day,1,+AC0-1,+AC0-1,+AC0-1,+AC0-1,+AC0-1,+AC0-1,+AC0-1,+AC0-1,+AC0-1,+AC0-1,+AC0-1,+AC0-1,+AC0-1,+AC0-1,+AC0-1,1,+AC0-1,1,1,1,+AC0-1,1,1,0,+AC0-1,I confirm,I confirm,I searched my user ID number AND I am ready to use the platform.,Read the instructions FIRST,Submit this form,Go to Elastic Chapter and try to find what you were asked before,+ACI-Click the +ACIAIg-Get started+ACIAIg- in the next survey once I finish my searches+ACI-,26/08/2023 21:44:22,1,0,1,0,0,0,1,1,1,0,1,1,0,1,0,1,1,0,1,1,1,0,+AC0-1,0,0,1
26/08/2023 21:20:51,I confirm,5dfb75507caa1e89ad5df828,Master or further education,Advanced,Multiple times a day,1,+AC0-1,+AC0-1,+AC0-1,+AC0-1,+AC0-1,+AC0-1,+AC0-1,+AC0-1,+AC0-1,+AC0-1,+AC0-1,+AC0-1,+AC0-1,+AC0-1,+AC0-1,+AC0-1,+AC0-1,0,1,1,+AC0-1,1,+AC0-1,+AC0-1,+AC0-1,I confirm,I confirm,I searched my user ID number AND I am ready to use the platform.,Read the instructions FIRST,Go to Elastic Chapter and try to find what you were asked before,+ACI-Click the +ACIAIg-Get started+ACIAIg- in the next survey once I finish my searches+ACI-,Submit this form,26/08/2023 21:20:15,1,0,1,0,0,0,1,0,1,1,+AC0-1,+AC0-1,1,1,1,1,1,+AC0-1,0,1,1,+AC0-1,1,+AC0-1,1,1
26/08/2023 21:24:43,I confirm,5cfddbd3ee0b1500019fa84c,High+AC0-school level,Native speaker,Multiple times a day,1,+AC0-1,+AC0-1,+AC0-1,1,1,1,+AC0-1,+AC0-1,+AC0-1,+AC0-1,+AC0-1,1,+AC0-1,1,1,+AC0-1,0,0,+AC0-1,1,1,+AC0-1,1,+AC0-1,+AC0-1,I confirm,I confirm,I searched my user ID number AND I am ready to use the platform.,Read the instructions FIRST,Submit this form,Go to Elastic Chapter and try to find what you were asked before,+ACI-Click the +ACIAIg-Get started+ACIAIg- in the next survey once I finish my searches+ACI-,26/08/2023 21:35:35,1,0,1,0,0,0,1,1,1,1,0,0,0,1,0,1,1,0,0,1,1,1,1,1,0,1
26/08/2023 21:24:54,I confirm,60be61231b34e6b2bf1e76ab,Bachelor education,Native speaker,Multiple times a day,1,1,1,1,1,1,1,1,1,1,1,1,1,1,1,1,1,1,1,1,1,1,1,1,1,1,I confirm,I confirm,I searched my user ID number AND I am ready to use the platform.,Read the instructions FIRST,Submit this form,Go to Elastic Chapter and try to find what you were asked before,+ACI-Click the +ACIAIg-Get started+ACIAIg- in the next survey once I finish my searches+ACI-,26/08/2023 21:28:30,1,1,1,1,1,1,1,1,1,1,1,1,1,1,1,1,1,1,1,1,1,1,1,1,1,1
26/08/2023 21:28:17,I confirm,6151e479b4ee16668948c7f2,No knowledge,Native speaker,Multiple times a day,1,+AC0-1,+AC0-1,+AC0-1,+AC0-1,1,+AC0-1,+AC0-1,+AC0-1,+AC0-1,+AC0-1,+AC0-1,+AC0-1,1,+AC0-1,1,1,+AC0-1,0,1,1,+AC0-1,1,1,0,+AC0-1,I confirm,I confirm,I searched my user ID number AND I am ready to use the platform.,Read the instructions FIRST,Submit this form,Go to Elastic Chapter and try to find what you were asked before,+ACI-Click the +ACIAIg-Get started+ACIAIg- in the next survey once I finish my searches+ACI-,26/08/2023 21:32:00,1,+AC0-1,+AC0-1,+AC0-1,+AC0-1,+AC0-1,+AC0-1,+AC0-1,+AC0-1,+AC0-1,1,+AC0-1,+AC0-1,1,+AC0-1,+AC0-1,1,+AC0-1,0,1,1,+AC0-1,1,1,1,+AC0-1
26/08/2023 21:30:48,I confirm,643edca8dcd599c6fba5e31b,No knowledge,Native speaker,Multiple times a day,1,+AC0-1,+AC0-1,+AC0-1,+AC0-1,+AC0-1,+AC0-1,+AC0-1,+AC0-1,+AC0-1,+AC0-1,+AC0-1,+AC0-1,1,+AC0-1,1,1,+AC0-1,0,1,1,+AC0-1,1,+AC0-1,0,+AC0-1,I confirm,I confirm,I searched my user ID number AND I am ready to use the platform.,Read the instructions FIRST,Submit this form,Go to Elastic Chapter and try to find what you were asked before,+ACI-Click the +ACIAIg-Get started+ACIAIg- in the next survey once I finish my searches+ACI-,26/08/2023 22:01:18,1,0,1,0,0,1,1,1,1,1,1,1,0,1,1,1,1,1,1,1,1,1,1,1,0,1
26/08/2023 21:34:19,I confirm,601857c3c3f5ce0c3e5fb913,High+AC0-school level,Advanced,Multiple times a day,1,1,1,0,0,0,1,1,1,1,1,1,1,1,0,1,1,1,0,1,1,0,1,0,1,1,I confirm,I confirm,I searched my user ID number AND I am ready to use the platform.,Read the instructions FIRST,Submit this form,Go to Elastic Chapter and try to find what you were asked before,+ACI-Click the +ACIAIg-Get started+ACIAIg- in the next survey once I finish my searches+ACI-,26/08/2023 22:04:59,1,0,1,0,0,0,1,1,1,1,1,1,1,1,1,1,1,1,0,0,1,0,1,0,1,1
26/08/2023 21:34:33,I confirm,61364a12e37bbe523e887a66,Bachelor education,Native speaker,Multiple times a day,0,1,1,0,0,1,1,1,1,+AC0-1,1,1,0,1,1,1,1,1,0,1,1,1,1,1,0,1,I confirm,I confirm,I searched my user ID number AND I am ready to use the platform.,Read the instructions FIRST,Submit this form,Go to Elastic Chapter and try to find what you were asked before,+ACI-Click the +ACIAIg-Get started+ACIAIg- in the next survey once I finish my searches+ACI-,26/08/2023 21:42:03,0,1,1,0,1,1,1,1,1,0,1,1,0,1,1,1,1,1,0,1,1,1,1,1,0,1
26/08/2023 21:46:17,I confirm,61367272e2bdffeec554136f,Master or further education,Advanced,Multiple times a day,1,1,1,0,0,0,1,1,1,1,1,1,1,1,0,1,1,1,0,1,1,0,1,0,0,1,I confirm,I confirm,I searched my user ID number AND I am ready to use the platform.,Read the instructions FIRST,Submit this form,Go to Elastic Chapter and try to find what you were asked before,+ACI-Click the +ACIAIg-Get started+ACIAIg- in the next survey once I finish my searches+ACI-,26/08/2023 21:52:46,1,1,1,0,0,0,1,1,1,1,1,1,1,1,0,1,1,1,0,1,1,0,1,0,0,1
26/08/2023 21:46:37,I confirm,6118d62f57869db8218a11b0,Bachelor education,Native speaker,Multiple times a day,1,1,1,0,1,1,+AC0-1,1,1,0,1,1,1,+AC0-1,1,1,1,1,+AC0-1,1,1,+AC0-1,1,1,1,+AC0-1,I confirm,I confirm,I searched my user ID number AND I am ready to use the platform.,Read the instructions FIRST,Submit this form,Go to Elastic Chapter and try to find what you were asked before,+ACI-Click the +ACIAIg-Get started+ACIAIg- in the next survey once I finish my searches+ACI-,26/08/2023 21:53:31,1,1,1,0,1,1,1,1,1,+AC0-1,1,1,1,1,1,1,1,1,1,1,1,0,+AC0-1,1,1,1
26/08/2023 22:07:14,I confirm,62fc25ef4ce0d3d169b7a120,No knowledge,Native speaker,Multiple times a day,1,+AC0-1,+AC0-1,+AC0-1,+AC0-1,+AC0-1,+AC0-1,1,+AC0-1,+AC0-1,1,+AC0-1,+AC0-1,+AC0-1,+AC0-1,+AC0-1,0,+AC0-1,0,1,1,+AC0-1,1,+AC0-1,0,+AC0-1,I confirm,I confirm,I searched my user ID number AND I am ready to use the platform.,Read the instructions FIRST,Submit this form,Go to Elastic Chapter and try to find what you were asked before,+ACI-Click the +ACIAIg-Get started+ACIAIg- in the next survey once I finish my searches+ACI-,26/08/2023 22:32:26,1,0,1,0,0,0,1,1,1,0,1,1,0,1,0,1,1,1,1,1,1,0,1,1,0,1
26/08/2023 22:46:43,I confirm,61017941304cf7ac38c2e110,High+AC0-school level,Native speaker,Multiple times a day,1,+AC0-1,+AC0-1,+AC0-1,+AC0-1,+AC0-1,+AC0-1,+AC0-1,+AC0-1,+AC0-1,+AC0-1,+AC0-1,+AC0-1,+AC0-1,+AC0-1,+AC0-1,+AC0-1,+AC0-1,1,1,1,+AC0-1,+AC0-1,+AC0-1,+AC0-1,+AC0-1,I confirm,I confirm,I searched my user ID number AND I am ready to use the platform.,Read the instructions FIRST,Submit this form,Go to Elastic Chapter and try to find what you were asked before,+ACI-Click the +ACIAIg-Get started+ACIAIg- in the next survey once I finish my searches+ACI-,26/08/2023 23:00:26,1,1,1,+AC0-1,0,0,+AC0-1,1,+AC0-1,+AC0-1,1,+AC0-1,1,1,0,1,1,+AC0-1,1,0,1,0,+AC0-1,0,0,1
26/08/2023 23:11:44,I confirm,63d13b44f511eff0aef876f2,High+AC0-school level,Native speaker,Multiple times a day,1,+AC0-1,+AC0-1,+AC0-1,+AC0-1,1,1,+AC0-1,+AC0-1,+AC0-1,+AC0-1,+AC0-1,+AC0-1,1,1,1,0,+AC0-1,0,1,1,+AC0-1,1,+AC0-1,0,+AC0-1,I confirm,I confirm,I searched my user ID number AND I am ready to use the platform.,Read the instructions FIRST,Submit this form,Go to Elastic Chapter and try to find what you were asked before,+ACI-Click the +ACIAIg-Get started+ACIAIg- in the next survey once I finish my searches+ACI-,26/08/2023 23:24:02,1,1,0,0,0,1,1,1,0,1,0,1,1,1,1,1,1,0,0,1,1,1,1,0,0,1
26/08/2023 23:12:05,I confirm,6151b07ac0d164fdd7e53100,High+AC0-school level,Native speaker,Multiple times a day,1,+AC0-1,+AC0-1,+AC0-1,1,1,1,1,+AC0-1,+AC0-1,1,+AC0-1,+AC0-1,+AC0-1,+AC0-1,+AC0-1,1,+AC0-1,+AC0-1,1,1,1,1,1,1,+AC0-1,I confirm,I confirm,I searched my user ID number AND I am ready to use the platform.,Read the instructions FIRST,Submit this form,Go to Elastic Chapter and try to find what you were asked before,+ACI-Click the +ACIAIg-Get started+ACIAIg- in the next survey once I finish my searches+ACI-,26/08/2023 23:16:22,1,1,1,1,0,0,1,1,+AC0-1,0,1,+AC0-1,0,1,0,1,1,+AC0-1,0,1,1,0,1,1,+AC0-1,0
26/08/2023 23:12:26,I confirm,6401000aab3cfc2606de05d1,High+AC0-school level,Native speaker,Multiple times a day,1,1,+AC0-1,+AC0-1,1,1,1,1,+AC0-1,+AC0-1,1,+AC0-1,0,0,1,1,1,+AC0-1,1,1,1,+AC0-1,0,+AC0-1,0,+AC0-1,I confirm,I confirm,I searched my user ID number AND I am ready to use the platform.,Read the instructions FIRST,Submit this form,Go to Elastic Chapter and try to find what you were asked before,+ACI-Click the +ACIAIg-Get started+ACIAIg- in the next survey once I finish my searches+ACI-,26/08/2023 23:17:01,1,1,1,0,1,1,1,1,1,+AC0-1,1,1,0,0,1,1,1,1,1,1,1,1,0,0,0,1
26/08/2023 23:12:52,I confirm,5a270517b4a5de00011af15c,High+AC0-school level,Native speaker,Multiple times a day,1,+AC0-1,+AC0-1,+AC0-1,+AC0-1,1,+AC0-1,+AC0-1,+AC0-1,+AC0-1,+AC0-1,+AC0-1,+AC0-1,+AC0-1,+AC0-1,+AC0-1,1,+AC0-1,1,1,0,+AC0-1,+AC0-1,+AC0-1,0,+AC0-1,I confirm,I confirm,I searched my user ID number AND I am ready to use the platform.,Read the instructions FIRST,Submit this form,Go to Elastic Chapter and try to find what you were asked before,+ACI-Click the +ACIAIg-Get started+ACIAIg- in the next survey once I finish my searches+ACI-,26/08/2023 23:23:24,1,1,0,+AC0-1,0,1,+AC0-1,1,1,+AC0-1,1,1,1,1,+AC0-1,+AC0-1,1,1,1,1,1,1,+AC0-1,0,1,+AC0-1
26/08/2023 23:13:00,I confirm,64d5323f567c88a7df95b47a,High+AC0-school level,Native speaker,Multiple times a day,1,+AC0-1,+AC0-1,+AC0-1,+AC0-1,+AC0-1,+AC0-1,+AC0-1,+AC0-1,+AC0-1,+AC0-1,+AC0-1,+AC0-1,+AC0-1,+AC0-1,+AC0-1,1,+AC0-1,0,1,1,+AC0-1,+AC0-1,+AC0-1,+AC0-1,+AC0-1,I confirm,I confirm,I searched my user ID number AND I am ready to use the platform.,Read the instructions FIRST,Go to Elastic Chapter and try to find what you were asked before,+ACI-Click the +ACIAIg-Get started+ACIAIg- in the next survey once I finish my searches+ACI-,Submit this form,26/08/2023 23:30:14,0,1,1,0,1,1,1,1,1,1,1,1,1,0,1,1,1,1,0,1,1,1,+AC0-1,+AC0-1,+AC0-1,+AC0-1
26/08/2023 23:13:47,I confirm,5ba17c2d6d7a520001bfabae,High+AC0-school level,Native speaker,Multiple times a day,1,+AC0-1,+AC0-1,+AC0-1,+AC0-1,0,+AC0-1,1,1,+AC0-1,+AC0-1,+AC0-1,+AC0-1,0,1,1,1,+AC0-1,1,1,1,+AC0-1,1,+AC0-1,0,+AC0-1,I confirm,I confirm,I searched my user ID number AND I am ready to use the platform.,Read the instructions FIRST,Submit this form,Go to Elastic Chapter and try to find what you were asked before,+ACI-Click the +ACIAIg-Get started+ACIAIg- in the next survey once I finish my searches+ACI-,26/08/2023 23:33:27,1,1,1,0,+AC0-1,1,1,1,1,+AC0-1,+AC0-1,1,1,0,1,0,0,+AC0-1,1,1,1,+AC0-1,0,0,0,+AC0-1
26/08/2023 23:15:11,I confirm,62b3491fc3790d748d09dc12,Bachelor education,Native speaker,Multiple times a day,1,+AC0-1,1,+AC0-1,+AC0-1,1,+AC0-1,0,1,1,1,0,+AC0-1,0,1,1,1,1,1,1,0,0,1,1,0,+AC0-1,I confirm,I confirm,I searched my user ID number AND I am ready to use the platform.,Read the instructions FIRST,Submit this form,Go to Elastic Chapter and try to find what you were asked before,+ACI-Click the +ACIAIg-Get started+ACIAIg- in the next survey once I finish my searches+ACI-,26/08/2023 23:31:56,1,1,1,0,1,0,1,+AC0-1,1,0,0,1,0,1,1,1,1,1,1,1,1,+AC0-1,1,1,0,1
26/08/2023 23:15:27,I confirm,5fb249cbf1bb8b7db9bb8d13,Bachelor education,Native speaker,Multiple times a day,1,+AC0-1,+AC0-1,+AC0-1,0,1,1,1,1,1,+AC0-1,1,+AC0-1,1,1,1,1,+AC0-1,1,1,1,+AC0-1,1,1,0,+AC0-1,I confirm,I confirm,I searched my user ID number AND I am ready to use the platform.,Read the instructions FIRST,Go to Elastic Chapter and try to find what you were asked before,+ACI-Click the +ACIAIg-Get started+ACIAIg- in the next survey once I finish my searches+ACI-,Submit this form,26/08/2023 23:36:20,1,1,+AC0-1,1,0,+AC0-1,1,1,1,1,+AC0-1,+AC0-1,1,+AC0-1,1,1,1,+AC0-1,1,0,1,+AC0-1,1,+AC0-1,0,1
26/08/2023 23:19:48,I confirm,5fb249cbf1bb8b7db9bb8d13,Bachelor education,Native speaker,Multiple times a day,1,+AC0-1,+AC0-1,+AC0-1,0,+AC0-1,1,1,1,1,+AC0-1,1,0,1,1,1,1,+AC0-1,1,0,1,+AC0-1,1,1,0,1,I confirm,I confirm,I searched my user ID number AND I am ready to use the platform.,Read the instructions FIRST,Submit this form,Go to Elastic Chapter and try to find what you were asked before,+ACI-Click the +ACIAIg-Get started+ACIAIg- in the next survey once I finish my searches+ACI-,26/08/2023 23:36:20,1,1,+AC0-1,1,0,+AC0-1,1,1,1,1,+AC0-1,+AC0-1,1,+AC0-1,1,1,1,+AC0-1,1,0,1,+AC0-1,1,+AC0-1,0,1
26/08/2023 23:15:50,I confirm,5e416065194a5639ef32326b,High+AC0-school level,Native speaker,Multiple times a day,1,+AC0-1,+AC0-1,+AC0-1,+AC0-1,+AC0-1,+AC0-1,+AC0-1,+AC0-1,+AC0-1,+AC0-1,+AC0-1,+AC0-1,0,+AC0-1,+AC0-1,1,+AC0-1,1,1,1,+AC0-1,+AC0-1,+AC0-1,0,+AC0-1,I confirm,I confirm,I searched my user ID number AND I am ready to use the platform.,Read the instructions FIRST,Go to Elastic Chapter and try to find what you were asked before,+ACI-Click the +ACIAIg-Get started+ACIAIg- in the next survey once I finish my searches+ACI-,Submit this form,26/08/2023 23:26:40,1,+AC0-1,+AC0-1,+AC0-1,0,1,+AC0-1,1,+AC0-1,+AC0-1,+AC0-1,+AC0-1,1,1,0,1,1,1,1,1,1,1,1,0,1,1
26/08/2023 23:15:50,I confirm,611bd9d8f2dc237d183fe3f7,High+AC0-school level,Advanced,Multiple times a day,1,+AC0-1,+AC0-1,+AC0-1,+AC0-1,1,1,+AC0-1,+AC0-1,0,+AC0-1,0,1,1,+AC0-1,1,0,0,+AC0-1,1,+AC0-1,+AC0-1,1,0,+AC0-1,+AC0-1,I confirm,I confirm,I searched my user ID number AND I am ready to use the platform.,Read the instructions FIRST,Go to Elastic Chapter and try to find what you were asked before,Submit this form,+ACI-Click the +ACIAIg-Get started+ACIAIg- in the next survey once I finish my searches+ACI-,26/08/2023 23:13:46,1,+AC0-1,1,1,+AC0-1,1,+AC0-1,1,0,0,0,+AC0-1,1,+AC0-1,1,1,0,+AC0-1,+AC0-1,1,1,0,1,0,0,0
26/08/2023 23:18:43,I confirm,5ef0b54037a90c618ad9e97f,High+AC0-school level,Advanced,Multiple times a day,1,1,1,0,+AC0-1,1,1,1,1,0,1,+AC0-1,+AC0-1,+AC0-1,+AC0-1,1,0,1,+AC0-1,1,1,1,1,1,0,1,I confirm,I confirm,I searched my user ID number AND I am ready to use the platform.,Read the instructions FIRST,Submit this form,Go to Elastic Chapter and try to find what you were asked before,+ACI-Click the +ACIAIg-Get started+ACIAIg- in the next survey once I finish my searches+ACI-,26/08/2023 23:25:21,1,1,1,0,1,1,1,1,1,0,1,1,+AC0-1,1,1,1,0,+AC0-1,0,1,1,1,1,1,0,1
26/08/2023 23:18:51,I confirm,5edeea354d54cb1a825aa8f9,Bachelor education,Advanced,Multiple times a day,1,+AC0-1,+AC0-1,+AC0-1,1,1,+AC0-1,1,1,1,+AC0-1,1,+AC0-1,+AC0-1,0,1,1,1,0,1,1,0,1,1,+AC0-1,+AC0-1,I confirm,I confirm,I searched my user ID number AND I am ready to use the platform.,Read the instructions FIRST,Submit this form,Go to Elastic Chapter and try to find what you were asked before,+ACI-Click the +ACIAIg-Get started+ACIAIg- in the next survey once I finish my searches+ACI-,26/08/2023 23:37:05,1,1,1,1,1,0,1,1,1,+AC0-1,1,+AC0-1,1,1,1,1,1,1,1,1,1,+AC0-1,0,0,0,1
26/08/2023 23:19:48,I confirm,60513ec07ee46769ed029be4,Master or further education,Native speaker,Multiple times a day,0,+AC0-1,1,1,+AC0-1,+AC0-1,0,+AC0-1,+AC0-1,+AC0-1,+AC0-1,+AC0-1,+AC0-1,+AC0-1,+AC0-1,+AC0-1,+AC0-1,0,1,+AC0-1,1,+AC0-1,+AC0-1,+AC0-1,0,+AC0-1,I confirm,I confirm,I searched my user ID number AND I am ready to use the platform.,Read the instructions FIRST,Submit this form,Go to Elastic Chapter and try to find what you were asked before,+ACI-Click the +ACIAIg-Get started+ACIAIg- in the next survey once I finish my searches+ACI-,26/08/2023 23:32:20,1,1,1,0,+AC0-1,+AC0-1,1,1,+AC0-1,+AC0-1,+AC0-1,+AC0-1,1,1,+AC0-1,+AC0-1,1,1,1,1,1,0,+AC0-1,0,0,+AC0-1
26/08/2023 23:20:09,I confirm,5a993b151eda410001365a23,No knowledge,Native speaker,Multiple times a day,1,+AC0-1,+AC0-1,+AC0-1,+AC0-1,+AC0-1,+AC0-1,+AC0-1,+AC0-1,+AC0-1,+AC0-1,+AC0-1,+AC0-1,+AC0-1,+AC0-1,+AC0-1,+AC0-1,+AC0-1,+AC0-1,+AC0-1,+AC0-1,+AC0-1,+AC0-1,+AC0-1,+AC0-1,+AC0-1,I confirm,I confirm,I searched my user ID number AND I am ready to use the platform.,Read the instructions FIRST,Submit this form,Go to Elastic Chapter and try to find what you were asked before,+ACI-Click the +ACIAIg-Get started+ACIAIg- in the next survey once I finish my searches+ACI-,26/08/2023 23:44:47,0,+AC0-1,1,0,0,+AC0-1,1,1,1,+AC0-1,+AC0-1,1,+AC0-1,+AC0-1,+AC0-1,1,+AC0-1,+AC0-1,0,+AC0-1,1,+AC0-1,+AC0-1,+AC0-1,+AC0-1,+AC0-1
26/08/2023 23:20:53,I confirm,5c0dbb9b9166290001253342,High+AC0-school level,Native speaker,Multiple times a day,1,+AC0-1,+AC0-1,+AC0-1,1,0,+AC0-1,1,+AC0-1,+AC0-1,1,+AC0-1,1,0,0,1,1,1,1,1,1,0,1,1,0,1,I confirm,I confirm,I searched my user ID number AND I am ready to use the platform.,+ACI-Click the +ACIAIg-Get started+ACIAIg- in the next survey once I finish my searches+ACI-,Read the instructions FIRST,Go to Elastic Chapter and try to find what you were asked before,Submit this form,26/08/2023 23:34:50,1,1,1,1,1,1,1,1,1,1,0,+AC0-1,1,1,0,1,1,1,1,1,1,0,1,1,1,1
26/08/2023 23:23:15,I confirm,5744045f2171b9000e3c0933,No knowledge,Native speaker,Multiple times a day,1,+AC0-1,+AC0-1,+AC0-1,+AC0-1,1,+AC0-1,+AC0-1,+AC0-1,+AC0-1,+AC0-1,+AC0-1,+AC0-1,+AC0-1,+AC0-1,+AC0-1,1,+AC0-1,1,1,1,+AC0-1,1,+AC0-1,0,+AC0-1,I confirm,I confirm,I searched my user ID number AND I am ready to use the platform.,Read the instructions FIRST,Submit this form,Go to Elastic Chapter and try to find what you were asked before,+ACI-Click the +ACIAIg-Get started+ACIAIg- in the next survey once I finish my searches+ACI-,26/08/2023 23:31:13,1,1,1,1,1,1,0,1,1,1,+AC0-1,+AC0-1,1,1,+AC0-1,+AC0-1,1,1,1,1,1,+AC0-1,1,+AC0-1,0,1
26/08/2023 23:26:19,I confirm,63ffcb367b500c516d0648a2,High+AC0-school level,Native speaker,Multiple times a day,0,1,1,0,0,0,1,1,1,0,1,0,1,1,+AC0-1,1,1,1,0,1,1,0,1,0,0,1,I confirm,I confirm,I searched my user ID number AND I am ready to use the platform.,Read the instructions FIRST,Submit this form,Go to Elastic Chapter and try to find what you were asked before,+ACI-Click the +ACIAIg-Get started+ACIAIg- in the next survey once I finish my searches+ACI-,26/08/2023 23:33:39,0,1,1,0,0,0,1,0,1,0,1,0,1,1,0,1,1,1,0,1,1,0,1,0,0,1
26/08/2023 23:29:30,I confirm,6428cf95700357ed9473c9a8,Bachelor education,Mid or low level,Multiple times a day,1,+AC0-1,+AC0-1,+AC0-1,1,1,+AC0-1,1,+AC0-1,+AC0-1,1,+AC0-1,+AC0-1,+AC0-1,0,+AC0-1,1,+AC0-1,0,1,1,0,0,1,0,1,I confirm,I confirm,I searched my user ID number AND I am ready to use the platform.,Read the instructions FIRST,Submit this form,Go to Elastic Chapter and try to find what you were asked before,+ACI-Click the +ACIAIg-Get started+ACIAIg- in the next survey once I finish my searches+ACI-,26/08/2023 23:45:23,1,+AC0-1,+AC0-1,+AC0-1,1,1,1,1,1,1,1,+AC0-1,+AC0-1,1,1,1,1,1,0,1,1,0,0,0,1,0
26/08/2023 23:31:29,I confirm,5b9d57e5737d030001ad2cbf,High+AC0-school level,Native speaker,Multiple times a day,0,+AC0-1,+AC0-1,+AC0-1,+AC0-1,+AC0-1,+AC0-1,+AC0-1,+AC0-1,+AC0-1,+AC0-1,+AC0-1,+AC0-1,+AC0-1,+AC0-1,+AC0-1,+AC0-1,+AC0-1,+AC0-1,+AC0-1,+AC0-1,+AC0-1,+AC0-1,+AC0-1,0,+AC0-1,I confirm,I confirm,I searched my user ID number AND I am ready to use the platform.,Read the instructions FIRST,Submit this form,Go to Elastic Chapter and try to find what you were asked before,+ACI-Click the +ACIAIg-Get started+ACIAIg- in the next survey once I finish my searches+ACI-,26/08/2023 23:38:34,1,+AC0-1,+AC0-1,+AC0-1,+AC0-1,+AC0-1,+AC0-1,+AC0-1,+AC0-1,+AC0-1,+AC0-1,+AC0-1,+AC0-1,+AC0-1,+AC0-1,+AC0-1,+AC0-1,+AC0-1,0,+AC0-1,+AC0-1,+AC0-1,+AC0-1,+AC0-1,0,+AC0-1
26/08/2023 23:36:43,I confirm,63eb770028f67bdcb53f070d,Master or further education,Advanced,Multiple times a day,1,+AC0-1,+AC0-1,1,+AC0-1,+AC0-1,0,0,+AC0-1,1,+AC0-1,+AC0-1,1,1,+AC0-1,1,+AC0-1,+AC0-1,1,1,+AC0-1,0,+AC0-1,1,+AC0-1,0,I confirm,I confirm,I searched my user ID number AND I am ready to use the platform.,Read the instructions FIRST,Go to Elastic Chapter and try to find what you were asked before,+ACI-Click the +ACIAIg-Get started+ACIAIg- in the next survey once I finish my searches+ACI-,Submit this form,26/08/2023 23:38:29,1,+AC0-1,+AC0-1,1,+AC0-1,0,+AC0-1,1,+AC0-1,0,+AC0-1,1,+AC0-1,1,0,+AC0-1,+AC0-1,1,+AC0-1,1,+AC0-1,+AC0-1,0,+AC0-1,1,+AC0-1
26/08/2023 23:41:18,I confirm,61015f63f9a351d3171a0f98,No knowledge,Native speaker,Multiple times a day,0,+AC0-1,+AC0-1,+AC0-1,+AC0-1,+AC0-1,+AC0-1,+AC0-1,+AC0-1,+AC0-1,+AC0-1,+AC0-1,+AC0-1,1,+AC0-1,+AC0-1,1,+AC0-1,0,+AC0-1,1,+AC0-1,+AC0-1,+AC0-1,+AC0-1,+AC0-1,I confirm,I confirm,I searched my user ID number AND I am ready to use the platform.,Read the instructions FIRST,Go to Elastic Chapter and try to find what you were asked before,+ACI-Click the +ACIAIg-Get started+ACIAIg- in the next survey once I finish my searches+ACI-,Submit this form,26/08/2023 23:39:57,0,0,1,0,0,0,1,1,1,0,0,0,1,1,0,1,1,0,0,0,0,0,+AC0-1,+AC0-1,0,1
26/08/2023 23:42:08,I confirm,6145dddfa6fcfd396e1f4f1a,High+AC0-school level,Advanced,Multiple times a day,1,+AC0-1,+AC0-1,+AC0-1,0,0,+AC0-1,1,+AC0-1,+AC0-1,1,+AC0-1,+AC0-1,1,0,1,1,+AC0-1,1,1,0,1,1,1,1,+AC0-1,I confirm,I confirm,I searched my user ID number AND I am ready to use the platform.,Read the instructions FIRST,Submit this form,Go to Elastic Chapter and try to find what you were asked before,+ACI-Click the +ACIAIg-Get started+ACIAIg- in the next survey once I finish my searches+ACI-,26/08/2023 23:55:43,0,1,1,0,0,0,1,1,1,1,1,1,1,1,0,1,1,1,0,1,1,0,1,0,1,1
26/08/2023 23:59:03,I confirm,5bd3ff16b209800001bed096,High+AC0-school level,Native speaker,Multiple times a day,1,+AC0-1,+AC0-1,+AC0-1,+AC0-1,1,1,1,0,+AC0-1,+AC0-1,+AC0-1,1,1,1,1,1,1,0,1,1,0,+AC0-1,1,0,1,I confirm,I confirm,I searched my user ID number AND I am ready to use the platform.,Read the instructions FIRST,Submit this form,Go to Elastic Chapter and try to find what you were asked before,+ACI-Click the +ACIAIg-Get started+ACIAIg- in the next survey once I finish my searches+ACI-,27/08/2023 00:28:02,1,0,1,1,0,0,1,1,0,1,1,1,1,1,1,1,1,1,0,1,1,1,0,1,0,1
27/08/2023 00:01:35,I confirm,5caad602a15c9800161ad6d3,Bachelor education,Advanced,Multiple times a day,1,1,1,0,+AC0-1,1,+AC0-1,1,1,1,+AC0-1,0,1,1,1,1,1,+AC0-1,+AC0-1,1,1,+AC0-1,+AC0-1,1,1,+AC0-1,I confirm,I confirm,I searched my user ID number AND I am ready to use the platform.,Read the instructions FIRST,Go to Elastic Chapter and try to find what you were asked before,+ACI-Click the +ACIAIg-Get started+ACIAIg- in the next survey once I finish my searches+ACI-,Submit this form,27/08/2023 00:01:17,1,1,1,0,+AC0-1,+AC0-1,+AC0-1,1,1,1,1,1,1,1,+AC0-1,1,1,1,+AC0-1,1,1,+AC0-1,+AC0-1,1,+AC0-1,+AC0-1
27/08/2023 00:01:55,I confirm,60cf7a91648bda719c06e9f0,Bachelor education,Native speaker,Multiple times a day,1,0,+AC0-1,1,1,1,1,+AC0-1,0,1,+AC0-1,1,1,0,1,1,1,1,1,1,1,+AC0-1,0,1,0,+AC0-1,I confirm,I confirm,I searched my user ID number AND I am ready to use the platform.,Read the instructions FIRST,Go to Elastic Chapter and try to find what you were asked before,+ACI-Click the +ACIAIg-Get started+ACIAIg- in the next survey once I finish my searches+ACI-,Submit this form,26/08/2023 23:59:45,1,0,1,0,0,1,1,1,0,0,1,+AC0-1,1,0,1,1,1,1,1,1,1,0,1,1,0,+AC0-1
27/08/2023 00:03:16,I confirm,5e74cf79a9e5e20008c0562a,Bachelor education,Native speaker,Multiple times a day,1,1,1,+AC0-1,1,1,1,+AC0-1,0,0,1,1,1,+AC0-1,+AC0-1,+AC0-1,1,1,+AC0-1,1,1,+AC0-1,1,0,0,1,I confirm,I confirm,I searched my user ID number AND I am ready to use the platform.,Read the instructions FIRST,Submit this form,Go to Elastic Chapter and try to find what you were asked before,+ACI-Click the +ACIAIg-Get started+ACIAIg- in the next survey once I finish my searches+ACI-,27/08/2023 00:01:14,1,1,1,1,1,1,1,0,1,0,1,1,1,1,1,1,1,1,1,1,1,0,1,0,0,1
27/08/2023 00:04:00,I confirm,63f77b9ca8439f6e1620c1cd,No knowledge,Native speaker,Multiple times a day,1,+AC0-1,+AC0-1,+AC0-1,0,0,1,0,0,+AC0-1,1,0,1,1,1,1,1,1,0,1,1,0,1,0,+AC0-1,+AC0-1,I confirm,I confirm,I searched my user ID number AND I am ready to use the platform.,Read the instructions FIRST,Submit this form,Go to Elastic Chapter and try to find what you were asked before,+ACI-Click the +ACIAIg-Get started+ACIAIg- in the next survey once I finish my searches+ACI-,27/08/2023 00:09:29,1,1,1,0,0,0,1,1,0,1,1,1,1,1,1,1,1,1,0,1,1,0,1,0,0,0
27/08/2023 00:04:13,I confirm,5c41f9ce4fe4f800016dfaac,No knowledge,Native speaker,Multiple times a day,1,+AC0-1,+AC0-1,+AC0-1,+AC0-1,+AC0-1,+AC0-1,+AC0-1,+AC0-1,+AC0-1,+AC0-1,+AC0-1,+AC0-1,+AC0-1,+AC0-1,+AC0-1,1,+AC0-1,1,1,1,+AC0-1,+AC0-1,+AC0-1,+AC0-1,+AC0-1,I confirm,I confirm,I searched my user ID number AND I am ready to use the platform.,Read the instructions FIRST,Submit this form,Go to Elastic Chapter and try to find what you were asked before,+ACI-Click the +ACIAIg-Get started+ACIAIg- in the next survey once I finish my searches+ACI-,27/08/2023 00:21:50,1,1,+AC0-1,0,+AC0-1,+AC0-1,1,+AC0-1,+AC0-1,+AC0-1,+AC0-1,+AC0-1,+AC0-1,+AC0-1,+AC0-1,+AC0-1,1,+AC0-1,0,+AC0-1,0,+AC0-1,+AC0-1,+AC0-1,+AC0-1,+AC0-1
27/08/2023 00:04:37,I confirm,5d3873197860c8001a106e02,No knowledge,Advanced,Multiple times a day,1,+AC0-1,+AC0-1,+AC0-1,+AC0-1,+AC0-1,+AC0-1,+AC0-1,+AC0-1,+AC0-1,+AC0-1,+AC0-1,+AC0-1,+AC0-1,+AC0-1,+AC0-1,1,+AC0-1,1,1,1,+AC0-1,1,+AC0-1,+AC0-1,+AC0-1,I confirm,I confirm,I searched my user ID number AND I am ready to use the platform.,Read the instructions FIRST,Submit this form,Go to Elastic Chapter and try to find what you were asked before,+ACI-Click the +ACIAIg-Get started+ACIAIg- in the next survey once I finish my searches+ACI-,27/08/2023 00:13:04,1,1,1,1,+AC0-1,+AC0-1,1,+AC0-1,1,1,+AC0-1,1,1,+AC0-1,+AC0-1,+AC0-1,+AC0-1,+AC0-1,1,1,1,1,1,1,1,1
27/08/2023 00:05:06,I confirm,5e69152fe5792f035ea827c9,High+AC0-school level,Advanced,Multiple times a day,1,1,1,0,0,+AC0-1,+AC0-1,1,+AC0-1,+AC0-1,1,+AC0-1,1,1,0,1,1,1,0,1,0,+AC0-1,+AC0-1,0,0,+AC0-1,I confirm,I confirm,I searched my user ID number AND I am ready to use the platform.,Read the instructions FIRST,Submit this form,Go to Elastic Chapter and try to find what you were asked before,+ACI-Click the +ACIAIg-Get started+ACIAIg- in the next survey once I finish my searches+ACI-,27/08/2023 00:16:21,0,1,1,0,0,0,1,1,1,0,1,1,+AC0-1,1,0,1,1,0,0,1,0,0,+AC0-1,0,0,1
27/08/2023 00:07:46,I confirm,5ff38032559f439a49bdac82,High+AC0-school level,Native speaker,Multiple times a day,1,1,+AC0-1,+AC0-1,1,1,0,1,1,+AC0-1,1,1,1,1,1,1,1,1,0,1,1,1,1,1,0,1,I confirm,I confirm,I searched my user ID number AND I am ready to use the platform.,Read the instructions FIRST,Submit this form,Go to Elastic Chapter and try to find what you were asked before,+ACI-Click the +ACIAIg-Get started+ACIAIg- in the next survey once I finish my searches+ACI-,27/08/2023 00:18:15,1,0,1,1,0,0,1,1,1,1,1,1,1,0,1,1,1,1,1,1,1,1,1,1,0,1
27/08/2023 00:08:40,I confirm,55b3120cfdf99b6ef6263a71,High+AC0-school level,Native speaker,Multiple times a day,1,1,+AC0-1,+AC0-1,1,1,+AC0-1,1,1,1,+AC0-1,1,+AC0-1,0,+AC0-1,1,1,+AC0-1,1,1,1,1,1,1,+AC0-1,1,I confirm,I confirm,I searched my user ID number AND I am ready to use the platform.,Read the instructions FIRST,Submit this form,Go to Elastic Chapter and try to find what you were asked before,+ACI-Click the +ACIAIg-Get started+ACIAIg- in the next survey once I finish my searches+ACI-,27/08/2023 00:45:14,1,0,1,0,+AC0-1,0,1,0,1,+AC0-1,+AC0-1,0,0,1,1,1,1,0,0,1,1,+AC0-1,1,1,0,0
27/08/2023 00:17:50,I confirm,5ddd2275946f7cc8b0efb547,High+AC0-school level,Advanced,Eveyday,1,+AC0-1,0,+AC0-1,+AC0-1,+AC0-1,+AC0-1,+AC0-1,+AC0-1,+AC0-1,+AC0-1,+AC0-1,+AC0-1,+AC0-1,1,+AC0-1,1,+AC0-1,+AC0-1,1,+AC0-1,+AC0-1,+AC0-1,+AC0-1,1,+AC0-1,I confirm,I confirm,I searched my user ID number AND I am ready to use the platform.,Read the instructions FIRST,Go to Elastic Chapter and try to find what you were asked before,+ACI-Click the +ACIAIg-Get started+ACIAIg- in the next survey once I finish my searches+ACI-,Submit this form,27/08/2023 00:15:36,1,+AC0-1,+AC0-1,+AC0-1,+AC0-1,+AC0-1,+AC0-1,+AC0-1,+AC0-1,+AC0-1,+AC0-1,+AC0-1,+AC0-1,+AC0-1,1,+AC0-1,1,+AC0-1,+AC0-1,1,+AC0-1,+AC0-1,+AC0-1,+AC0-1,+AC0-1,+AC0-1
27/08/2023 00:21:16,I confirm,5422cca4fdf99b328c91b21b,No knowledge,Native speaker,Multiple times a day,1,+AC0-1,+AC0-1,+AC0-1,+AC0-1,+AC0-1,+AC0-1,+AC0-1,+AC0-1,+AC0-1,+AC0-1,+AC0-1,+AC0-1,+AC0-1,+AC0-1,+AC0-1,+AC0-1,+AC0-1,+AC0-1,+AC0-1,+AC0-1,+AC0-1,+AC0-1,+AC0-1,0,+AC0-1,I confirm,I confirm,I searched my user ID number AND I am ready to use the platform.,Read the instructions FIRST,Submit this form,Go to Elastic Chapter and try to find what you were asked before,+ACI-Click the +ACIAIg-Get started+ACIAIg- in the next survey once I finish my searches+ACI-,27/08/2023 00:33:34,1,+AC0-1,+AC0-1,+AC0-1,1,1,1,+AC0-1,+AC0-1,+AC0-1,+AC0-1,+AC0-1,1,+AC0-1,0,+AC0-1,1,+AC0-1,+AC0-1,+AC0-1,+AC0-1,+AC0-1,1,+AC0-1,+AC0-1,1
27/08/2023 00:22:57,I confirm,5df2f36b617219204de98060,High+AC0-school level,Native speaker,Multiple times a day,1,0,1,0,0,1,1,1,1,+AC0-1,1,0,1,0,1,1,1,1,1,1,1,1,1,+AC0-1,1,+AC0-1,I confirm,I confirm,I searched my user ID number AND I am ready to use the platform.,Read the instructions FIRST,Submit this form,Go to Elastic Chapter and try to find what you were asked before,+ACI-Click the +ACIAIg-Get started+ACIAIg- in the next survey once I finish my searches+ACI-,27/08/2023 00:48:24,1,1,1,0,0,1,1,1,1,0,1,0,1,1,1,1,1,0,1,1,1,1,1,0,0,0
27/08/2023 00:24:35,I confirm,63d190d52bb71e0e81d868f2,High+AC0-school level,Native speaker,Multiple times a day,1,+AC0-1,+AC0-1,+AC0-1,+AC0-1,+AC0-1,+AC0-1,+AC0-1,+AC0-1,+AC0-1,+AC0-1,+AC0-1,+AC0-1,+AC0-1,+AC0-1,+AC0-1,1,+AC0-1,1,1,1,+AC0-1,+AC0-1,+AC0-1,0,+AC0-1,I confirm,I confirm,I searched my user ID number AND I am ready to use the platform.,Read the instructions FIRST,+ACI-Click the +ACIAIg-Get started+ACIAIg- in the next survey once I finish my searches+ACI-,Go to Elastic Chapter and try to find what you were asked before,Submit this form,27/08/2023 00:23:50,1,0,1,0,0,0,1,1,1,+AC0-1,+AC0-1,+AC0-1,0,1,1,1,1,0,0,1,1,+AC0-1,+AC0-1,+AC0-1,0,1
27/08/2023 00:28:41,I confirm,58ff31a1d10e2b000108579e,No knowledge,Native speaker,Multiple times a day,0,+AC0-1,+AC0-1,0,+AC0-1,1,1,1,1,+AC0-1,1,+AC0-1,1,1,1,1,1,0,0,1,0,+AC0-1,1,0,0,+AC0-1,I confirm,I confirm,I searched my user ID number AND I am ready to use the platform.,Read the instructions FIRST,Submit this form,Go to Elastic Chapter and try to find what you were asked before,+ACI-Click the +ACIAIg-Get started+ACIAIg- in the next survey once I finish my searches+ACI-,27/08/2023 00:46:35,0,0,1,0,0,1,1,1,1,+AC0-1,1,+AC0-1,1,1,+AC0-1,1,1,0,0,1,0,1,1,0,0,1
27/08/2023 00:46:15,I confirm,6169a42a39d8414ac0f0df7c,Bachelor education,Advanced,Multiple times a day,+AC0-1,+AC0-1,1,0,1,+AC0-1,0,1,+AC0-1,0,1,1,1,0,1,1,1,0,1,0,1,1,1,1,0,1,I confirm,I confirm,I searched my user ID number AND I am ready to use the platform.,Read the instructions FIRST,Go to Elastic Chapter and try to find what you were asked before,+ACI-Click the +ACIAIg-Get started+ACIAIg- in the next survey once I finish my searches+ACI-,Submit this form,27/08/2023 00:38:58,1,0,1,1,+AC0-1,1,1,1,+AC0-1,1,1,1,+AC0-1,0,1,0,1,1,+AC0-1,1,1,+AC0-1,1,1,0,1
27/08/2023 00:52:56,I confirm,6006ae13a40ec00348555219,High+AC0-school level,Native speaker,Multiple times a day,1,1,1,1,1,1,1,1,1,1,1,1,1,1,1,1,1,1,0,1,1,+AC0-1,1,0,1,1,I confirm,I confirm,I searched my user ID number AND I am ready to use the platform.,Read the instructions FIRST,Submit this form,Go to Elastic Chapter and try to find what you were asked before,+ACI-Click the +ACIAIg-Get started+ACIAIg- in the next survey once I finish my searches+ACI-,27/08/2023 00:59:49,1,1,1,1,1,1,1,1,1,1,1,1,1,1,1,1,1,1,0,1,1,1,1,0,1,1
27/08/2023 11:56:03,I confirm,5fa24203c6bbf12cdba8f32f,No knowledge,Mid or low level,Multiple times a day,1,+AC0-1,+AC0-1,+AC0-1,+AC0-1,1,+AC0-1,1,+AC0-1,+AC0-1,1,+AC0-1,+AC0-1,+AC0-1,+AC0-1,+AC0-1,0,+AC0-1,1,1,1,+AC0-1,+AC0-1,0,+AC0-1,+AC0-1,I confirm,I confirm,I searched my user ID number AND I am ready to use the platform.,Read the instructions FIRST,Submit this form,Go to Elastic Chapter and try to find what you were asked before,+ACI-Click the +ACIAIg-Get started+ACIAIg- in the next survey once I finish my searches+ACI-,27/08/2023 12:03:31,1,+AC0-1,+AC0-1,+AC0-1,0,1,+AC0-1,1,+AC0-1,+AC0-1,1,+AC0-1,+AC0-1,1,1,+AC0-1,0,+AC0-1,0,1,1,+AC0-1,+AC0-1,0,+AC0-1,+AC0-1
27/08/2023 12:11:37,I confirm,5ecd58b69c382e0a177e0f61,High+AC0-school level,Advanced,Multiple times a day,1,+AC0-1,+AC0-1,+AC0-1,0,1,+AC0-1,1,+AC0-1,0,+AC0-1,1,1,1,1,1,1,0,0,1,1,+AC0-1,1,1,1,+AC0-1,I confirm,I confirm,I searched my user ID number AND I am ready to use the platform.,Read the instructions FIRST,Submit this form,Go to Elastic Chapter and try to find what you were asked before,+ACI-Click the +ACIAIg-Get started+ACIAIg- in the next survey once I finish my searches+ACI-,27/08/2023 12:30:23,1,1,1,0,1,0,1,1,1,1,1,1,1,1,1,1,1,1,0,0,1,0,1,1,1,1
27/08/2023 12:27:04,I confirm,5ecd58b69c382e0a177e0f61,High+AC0-school level,Advanced,Multiple times a day,1,1,1,0,0,0,1,1,1,0,1,1,0,1,1,1,1,1,0,0,1,0,1,1,1,1,I confirm,I confirm,I searched my user ID number AND I am ready to use the platform.,Read the instructions FIRST,Submit this form,Go to Elastic Chapter and try to find what you were asked before,+ACI-Click the +ACIAIg-Get started+ACIAIg- in the next survey once I finish my searches+ACI-,27/08/2023 12:30:23,1,1,1,0,1,0,1,1,1,1,1,1,1,1,1,1,1,1,0,0,1,0,1,1,1,1
27/08/2023 12:11:54,I confirm,617142c2a843eef6f8f148b6,No knowledge,Native speaker,Multiple times a day,1,+AC0-1,+AC0-1,+AC0-1,+AC0-1,1,+AC0-1,1,+AC0-1,+AC0-1,+AC0-1,+AC0-1,+AC0-1,+AC0-1,+AC0-1,+AC0-1,1,+AC0-1,0,1,1,+AC0-1,1,1,0,+AC0-1,I confirm,I confirm,I searched my user ID number AND I am ready to use the platform.,Read the instructions FIRST,Go to Elastic Chapter and try to find what you were asked before,Submit this form,+ACI-Click the +ACIAIg-Get started+ACIAIg- in the next survey once I finish my searches+ACI-,27/08/2023 12:22:13,1,1,1,1,1,1,1,1,1,1,1,1,1,1,1,1,1,1,1,1,1,1,1,1,0,1
27/08/2023 12:15:52,I confirm,645fb027ff5ee0e9a1157c0f,Bachelor education,Advanced,Multiple times a day,1,+AC0-1,0,+AC0-1,0,+AC0-1,+AC0-1,+AC0-1,+AC0-1,+AC0-1,+AC0-1,+AC0-1,+AC0-1,+AC0-1,+AC0-1,+AC0-1,1,+AC0-1,0,1,1,+AC0-1,+AC0-1,0,0,+AC0-1,I confirm,I confirm,I searched my user ID number AND I am ready to use the platform.,Read the instructions FIRST,Submit this form,Go to Elastic Chapter and try to find what you were asked before,+ACI-Click the +ACIAIg-Get started+ACIAIg- in the next survey once I finish my searches+ACI-,27/08/2023 12:33:35,0,1,1,+AC0-1,0,0,1,1,+AC0-1,+AC0-1,+AC0-1,+AC0-1,+AC0-1,+AC0-1,+AC0-1,+AC0-1,1,0,0,1,1,+AC0-1,+AC0-1,0,0,+AC0-1
27/08/2023 12:18:00,I confirm,60e22c6b60017f2ed4f7f4c3,High+AC0-school level,Native speaker,Multiple times a day,0,1,+AC0-1,+AC0-1,1,1,+AC0-1,1,1,1,+AC0-1,1,1,1,1,1,1,1,1,1,1,+AC0-1,1,1,0,1,I confirm,I confirm,I searched my user ID number AND I am ready to use the platform.,Read the instructions FIRST,Go to Elastic Chapter and try to find what you were asked before,+ACI-Click the +ACIAIg-Get started+ACIAIg- in the next survey once I finish my searches+ACI-,Submit this form,27/08/2023 12:39:45,1,0,1,+AC0-1,+AC0-1,0,1,+AC0-1,+AC0-1,1,0,+AC0-1,1,1,0,1,1,+AC0-1,1,1,1,1,+AC0-1,1,0,1
